Workbook

Sheet July 2023
A2: FOR THE MONTH OF JULY 2023
A4: Date | B4: KWH REPORT FIBER BLEACHING
B6: BUSWAY 1 (PRE AND POST BLOW ROOM + DRYER +BLEACHING MACHINES+ STAMP PRESS+ CAKE OPENOR+ CENTRIFUGE+ BALE PRESS) | E6: BUSWAY 2 | H6: MCC 1 (EXHAUST FAN+ FA FAN+ DRYER FAN+ SUBMERSIBLE PUMP +RECYCLE PUMP) | K6: MCC 2 (FA FAN +EXHAUST FAN CHEMICAL AREA+CAUSTIC FEED PUMP+WASTE WATER PUMP) | N6: MCC 3 (COMPRESSOR +FA FAN+ EXHAUST FAN)+BOILER | Q6: MCC 4 (SOFTENING PUMP+UV PUMP+FEED PUMP+ CAUSTIC PUMP+RAW WATER PUMP+ CHEMICAL AREA) | T6: MCC 5 (BOILER) | W6: LPDB 1 (PHASE 1 AND 2 LIGHTENING LOAD) | Z6: LPDB 2 (PRE BLOW ROOM LIGHTENING LOAD)
B7: Opening | C7: Closing | D7: Total Units Kwh / d | E7: Opening | F7: Closing | G7: Total Units Kwh / d | H7: Opening | I7: Closing | J7: Total Units Kwh / d | K7: Opening | L7: Closing | M7: Total Units Kwh / d | N7: Opening | O7: Closing | P7: Total Units Kwh / d | Q7: Opening | R7: Closing | S7: Total Units Kwh / d | T7: Opening | U7: Closing | V7: Total Units Kwh / d | W7: Opening | X7: Closing | Y7: Total Units Kwh / d | Z7: Opening | AA7: Closing | AB7: Total Units Kwh / d | AC7: TOTAL CONSUMED | AD7: MAIN INCOMING | AG7: Dif b/t main LT and consum
AD8: Opening | AE8: Closing | AF8: Total Units Kwh / d
A9: 45108 | B9: 613296.38 | C9: 613643.35 | D9: =SUM(C9-B9) -> 346.97 | E9: - | F9: - | G9: - | H9: 173578.72 | I9: 173786.48 | J9: =SUM(I9-H9) -> 207.76 | K9: 63693.88 | L9: 63761.48 | M9: =SUM(L9-K9) -> 67.6 | N9: 112042.48 | O9: 112361.52 | P9: =SUM(O9-N9-V9) -> 192.4 | Q9: 89160.49 | R9: 89728.64 | S9: =SUM(R9-Q9) -> 568.15 | T9: 12621.92 | U9: 12748.56 | V9: =SUM(U9-T9) -> 126.64 | W9: 48844.77 | X9: 48919.3 | Y9: =SUM(X9-W9) -> 74.53 | Z9: 27625.05 | AA9: 27642.16 | AB9: =SUM(AA9-Z9) -> 17.11 | AC9: =SUM(AB9+Y9+V9+S9+P9+M9+J9+D9) -> 1601.16 | AD9: 1154257.6 | AE9: 1156792.2 | AF9: =SUM(AE9-AD9) -> 2534.62 | AG9: =SUM(AF9-AC9) -> 933.46
A10: 45109 | B10: 613643.35 | C10: 614289.31 | D10: =SUM(C10-B10) -> 645.96 | H10: 173786.48 | I10: 173996.8 | J10: =SUM(I10-H10) -> 210.32 | K10: 63761.48 | L10: 63835.56 | M10: =SUM(L10-K10) -> 74.08 | N10: 112361.52 | O10: 112705.84 | P10: =SUM(O10-N10-V10) -> 227.12 | Q10: 89728.64 | R10: 89897.44 | S10: =SUM(R10-Q10) -> 168.8 | T10: 12748.56 | U10: 12865.76 | V10: =SUM(U10-T10) -> 117.2 | W10: 48919.3 | X10: 48972.69 | Y10: =SUM(X10-W10) -> 53.39 | Z10: 27642.16 | AA10: 27660.49 | AB10: =SUM(AA10-Z10) -> 18.33 | AC10: =SUM(AB10+Y10+V10+S10+P10+M10+J10+D10) -> 1515.2 | AD10: 1156792.2 | AE10: 1158484 | AF10: =SUM(AE10-AD10) -> 1691.82 | AG10: =SUM(AF10-AC10) -> 176.62
A11: 45110 | B11: 614289.31 | C11: 615104.28 | D11: =SUM(C11-B11) -> 814.97 | H11: 173996.8 | I11: 174217.2 | J11: =SUM(I11-H11) -> 220.4 | K11: 63835.56 | L11: 63972.08 | M11: =SUM(L11-K11) -> 136.52 | N11: 112705.84 | O11: 112993.04 | P11: =SUM(O11-N11-V11) -> 200.36 | Q11: 89897.44 | R11: 90059.12 | S11: =SUM(R11-Q11) -> 161.68 | T11: 12865.76 | U11: 12952.6 | V11: =SUM(U11-T11) -> 86.84 | W11: 48972.69 | X11: 49070.19 | Y11: =SUM(X11-W11) -> 97.5 | Z11: 27660.49 | AA11: 27688.87 | AB11: =SUM(AA11-Z11) -> 28.38 | AC11: =SUM(AB11+Y11+V11+S11+P11+M11+J11+D11) -> 1746.65 | AD11: 1158484 | AE11: 1160565.1 | AF11: =SUM(AE11-AD11) -> 2081.04 | AG11: =SUM(AF11-AC11) -> 334.39
A12: 45111 | B12: 615104.28 | C12: 620114.96 | D12: =SUM(C12-B12) -> 5010.68 | H12: 174217.2 | I12: 175253.68 | J12: =SUM(I12-H12) -> 1036.48 | K12: 63972.08 | L12: 64312.92 | M12: =SUM(L12-K12) -> 340.84 | N12: 112993.04 | O12: 113774.4 | P12: =SUM(O12-N12-V12) -> 539.04 | Q12: 90059.12 | R12: 90527.36 | S12: =SUM(R12-Q12) -> 468.24 | T12: 12952.6 | U12: 13194.92 | V12: =SUM(U12-T12) -> 242.32 | W12: 49070.19 | X12: 49249.46 | Y12: =SUM(X12-W12) -> 179.27 | Z12: 27688.87 | AA12: 27786.28 | AB12: =SUM(AA12-Z12) -> 97.41 | AC12: =SUM(AB12+Y12+V12+S12+P12+M12+J12+D12) -> 7914.28 | AD12: 1160565.1 | AE12: 1168896.8 | AF12: =SUM(AE12-AD12) -> 8331.71 | AG12: =SUM(AF12-AC12) -> 417.43
A13: 45112 | B13: 620114.96 | C13: 624548.84 | D13: =SUM(C13-B13) -> 4433.88 | H13: 175253.68 | I13: 176289.52 | J13: =SUM(I13-H13) -> 1035.84 | K13: 64312.92 | L13: 64685 | M13: =SUM(L13-K13) -> 372.08 | N13: 113774.4 | O13: 114559.52 | P13: =SUM(O13-N13-V13) -> 531.88 | Q13: 90527.36 | R13: 90941.36 | S13: =SUM(R13-Q13) -> 414 | T13: 13194.92 | U13: 13448.16 | V13: =SUM(U13-T13) -> 253.24 | W13: 49249.46 | X13: 49388.22 | Y13: =SUM(X13-W13) -> 138.76 | Z13: 27786.28 | AA13: 27865.83 | AB13: =SUM(AA13-Z13) -> 79.55 | AC13: =SUM(AB13+Y13+V13+S13+P13+M13+J13+D13) -> 7259.23 | AD13: 1168896.8 | AE13: 1176593.1 | AF13: =SUM(AE13-AD13) -> 7696.31 | AG13: =SUM(AF13-AC13) -> 437.08
A14: 45113 | B14: 624548.84 | C14: =B15 -> 628998.6 | D14: =SUM(C14-B14) -> 4449.76 | H14: 176289.52 | I14: =H15 -> 177443.76 | J14: =SUM(I14-H14) -> 1154.24 | K14: 64685 | L14: =K15 -> 64994.2 | M14: =SUM(L14-K14) -> 309.2 | N14: 114559.52 | O14: =N15 -> 115312.56 | P14: =SUM(O14-N14-V14) -> 510.36 | Q14: 90941.36 | R14: =Q15 -> 91369.84 | S14: =SUM(R14-Q14) -> 428.48 | T14: 13448.16 | U14: =T15 -> 13690.84 | V14: =SUM(U14-T14) -> 242.68 | W14: 49388.22 | X14: =W15 -> 49559.5 | Y14: =SUM(X14-W14) -> 171.28 | Z14: 27865.83 | AA14: =Z15 -> 27947.5 | AB14: =SUM(AA14-Z14) -> 81.67 | AC14: =SUM(AB14+Y14+V14+S14+P14+M14+J14+D14) -> 7347.67 | AD14: 1176593.1 | AE14: =AD15 -> 1184321.6 | AF14: =SUM(AE14-AD14) -> 7728.5 | AG14: =SUM(AF14-AC14) -> 380.83
A15: 45114 | B15: 628998.6 | C15: =B16 -> 633206.17 | D15: =SUM(C15-B15) -> 4207.57 | H15: 177443.76 | I15: =H16 -> 178923.2 | J15: =SUM(I15-H15) -> 1479.44 | K15: 64994.2 | L15: =K16 -> 65846.84 | M15: =SUM(L15-K15) -> 852.64 | N15: 115312.56 | O15: =N16 -> 116099.6 | P15: =SUM(O15-N15-V15) -> 526.76 | Q15: 91369.84 | R15: =Q16 -> 91812.08 | S15: =SUM(R15-Q15) -> 442.24 | T15: 13690.84 | U15: =T16 -> 13951.12 | V15: =SUM(U15-T15) -> 260.28 | W15: 49559.5 | X15: =W16 -> 49728.12 | Y15: =SUM(X15-W15) -> 168.62 | Z15: 27947.5 | AA15: =Z16 -> 28007.67 | AB15: =SUM(AA15-Z15) -> 60.17 | AC15: =SUM(AB15+Y15+V15+S15+P15+M15+J15+D15) -> 7997.72 | AD15: 1184321.6 | AE15: =AD16 -> 1192757.6 | AF15: =SUM(AE15-AD15) -> 8435.96 | AG15: =SUM(AF15-AC15) -> 438.24
A16: 45115 | B16: 633206.17 | C16: 635911.4 | D16: =SUM(C16-B16) -> 2705.23 | H16: 178923.2 | I16: 180357.92 | J16: =SUM(I16-H16) -> 1434.72 | K16: 65846.84 | L16: 66530.8 | M16: =SUM(L16-K16) -> 683.96 | N16: 116099.6 | O16: 116792.88 | P16: =SUM(O16-N16-V16) -> 454.68 | Q16: 91812.08 | R16: 92464.4 | S16: =SUM(R16-Q16) -> 652.32 | T16: 13951.12 | U16: 14189.72 | V16: =SUM(U16-T16) -> 238.6 | W16: 49728.12 | X16: 49881.3 | Y16: =SUM(X16-W16) -> 153.18 | Z16: 28007.67 | AA16: 28079.86 | AB16: =SUM(AA16-Z16) -> 72.19 | AC16: =SUM(AB16+Y16+V16+S16+P16+M16+J16+D16) -> 6394.88 | AD16: 1192757.6 | AE16: 1199513.5 | AF16: =SUM(AE16-AD16) -> 6755.94 | AG16: =SUM(AF16-AC16) -> 361.06
A17: 45116 | B17: =C16 -> 635911.4 | C17: 639148.06 | D17: =SUM(C17-B17) -> 3236.66 | H17: =I16 -> 180357.92 | I17: 181173.36 | J17: =SUM(I17-H17) -> 815.44 | K17: =L16 -> 66530.8 | L17: 66887 | M17: =SUM(L17-K17) -> 356.2 | N17: =O16 -> 116792.88 | O17: 117284.16 | P17: =SUM(O17-N17-V17) -> 327.48 | Q17: =R16 -> 92464.4 | R17: 92978.56 | S17: =SUM(R17-Q17) -> 514.16 | T17: =U16 -> 14189.72 | U17: 14353.52 | V17: =SUM(U17-T17) -> 163.8 | W17: =X16 -> 49881.3 | X17: 49963.27 | Y17: =SUM(X17-W17) -> 81.97 | Z17: =AA16 -> 28079.86 | AA17: 28121.52 | AB17: =SUM(AA17-Z17) -> 41.66 | AC17: =SUM(AB17+Y17+V17+S17+P17+M17+J17+D17) -> 5537.37 | AD17: =AE16 -> 1199513.5 | AE17: 1205302 | AF17: =SUM(AE17-AD17) -> 5788.46 | AG17: =SUM(AF17-AC17) -> 251.09
A18: 45117 | B18: =C17 -> 639148.06 | C18: 641820.42 | D18: =SUM(C18-B18) -> 2672.36 | H18: =I17 -> 181173.36 | I18: 181926.64 | J18: =SUM(I18-H18) -> 753.28 | K18: =L17 -> 66887 | L18: 67654.24 | M18: =SUM(L18-K18) -> 767.24 | N18: =O17 -> 117284.16 | O18: 117807 | P18: =SUM(O18-N18-V18) -> 330.44 | Q18: =R17 -> 92978.56 | R18: 93284.4 | S18: =SUM(R18-Q18) -> 305.84 | T18: =U17 -> 14353.52 | U18: 14545.92 | V18: =SUM(U18-T18) -> 192.4 | W18: =X17 -> 49963.27 | X18: 50097.6 | Y18: =SUM(X18-W18) -> 134.33 | Z18: =AA17 -> 28121.52 | AA18: 28168.53 | AB18: =SUM(AA18-Z18) -> 47.01 | AC18: =SUM(AB18+Y18+V18+S18+P18+M18+J18+D18) -> 5202.9 | AD18: =AE17 -> 1205302 | AE18: 1210838.6 | AF18: =SUM(AE18-AD18) -> 5536.59 | AG18: =SUM(AF18-AC18) -> 333.69
A19: 45118 | B19: =C18 -> 641820.42 | C19: 644512.22 | D19: =SUM(C19-B19) -> 2691.8 | H19: =I18 -> 181926.64 | I19: 182748.48 | J19: =SUM(I19-H19) -> 821.84 | K19: =L18 -> 67654.24 | L19: 67960.76 | M19: =SUM(L19-K19) -> 306.52 | N19: =O18 -> 117807 | O19: 118326.96 | P19: =SUM(O19-N19-V19) -> 318.68 | Q19: =R18 -> 93284.4 | R19: 93645.76 | S19: =SUM(R19-Q19) -> 361.36 | T19: =U18 -> 14545.92 | U19: 14747.2 | V19: =SUM(U19-T19) -> 201.28 | W19: =X18 -> 50097.6 | X19: 50216.84 | Y19: =SUM(X19-W19) -> 119.24 | Z19: =AA18 -> 28168.53 | AA19: 28205.04 | AB19: =SUM(AA19-Z19) -> 36.51 | AC19: =SUM(AB19+Y19+V19+S19+P19+M19+J19+D19) -> 4857.23 | AD19: =AE18 -> 1210838.6 | AE19: 1216007.5 | AF19: =SUM(AE19-AD19) -> 5168.95 | AG19: =SUM(AF19-AC19) -> 311.72
A20: 45119 | B20: =C19 -> 644512.22 | C20: 647237.86 | D20: =SUM(C20-B20) -> 2725.64 | H20: =I19 -> 182748.48 | I20: 183407.12 | J20: =SUM(I20-H20) -> 658.64 | K20: =L19 -> 67960.76 | L20: 68129.36 | M20: =SUM(L20-K20) -> 168.6 | N20: =O19 -> 118326.96 | O20: 118831.12 | P20: =SUM(O20-N20-V20) -> 319.44 | Q20: =R19 -> 93645.76 | R20: 93981.84 | S20: =SUM(R20-Q20) -> 336.08 | T20: =U19 -> 14747.2 | U20: 14931.92 | V20: =SUM(U20-T20) -> 184.72 | W20: =X19 -> 50216.84 | X20: 50339.32 | Y20: =SUM(X20-W20) -> 122.48 | Z20: =AA19 -> 28205.04 | AA20: 28254.5 | AB20: =SUM(AA20-Z20) -> 49.46 | AC20: =SUM(AB20+Y20+V20+S20+P20+M20+J20+D20) -> 4565.06 | AD20: =AE19 -> 1216007.5 | AE20: 1220894.5 | AF20: =SUM(AE20-AD20) -> 4887 | AG20: =SUM(AF20-AC20) -> 321.94
A21: 45120 | B21: =C20 -> 647237.86 | C21: =B22 -> 650164.43 | D21: =SUM(C21-B21) -> 2926.57 | H21: =I20 -> 183407.12 | I21: =H22 -> 184106 | J21: =SUM(I21-H21) -> 698.88 | K21: =L20 -> 68129.36 | L21: =K22 -> 68591.64 | M21: =SUM(L21-K21) -> 462.28 | N21: =O20 -> 118831.12 | O21: =N22 -> 119350.4 | P21: =SUM(O21-N21-V21) -> 335.28 | Q21: =R20 -> 93981.84 | R21: =Q22 -> 94352.72 | S21: =SUM(R21-Q21) -> 370.88 | T21: =U20 -> 14931.92 | U21: =T22 -> 15115.92 | V21: =SUM(U21-T21) -> 184 | W21: =X20 -> 50339.32 | X21: =W22 -> 50479.46 | Y21: =SUM(X21-W21) -> 140.14 | Z21: =AA20 -> 28254.5 | AA21: =Z22 -> 28298.65 | AB21: =SUM(AA21-Z21) -> 44.15 | AC21: =SUM(AB21+Y21+V21+S21+P21+M21+J21+D21) -> 5162.18 | AD21: =AE20 -> 1220894.5 | AE21: =AD22 -> 1226379.1 | AF21: =SUM(AE21-AD21) -> 5484.63 | AG21: =SUM(AF21-AC21) -> 322.45
A22: 45121 | B22: 650164.43 | C22: 653071.13 | D22: =SUM(C22-B22) -> 2906.7 | H22: 184106 | I22: 184835.68 | J22: =SUM(I22-H22) -> 729.68 | K22: 68591.64 | L22: 69279.08 | M22: =SUM(L22-K22) -> 687.44 | N22: 119350.4 | O22: 119930.16 | P22: =SUM(O22-N22-V22) -> 391.32 | Q22: 94352.72 | R22: 94748.32 | S22: =SUM(R22-Q22) -> 395.6 | T22: 15115.92 | U22: 15304.36 | V22: =SUM(U22-T22) -> 188.44 | W22: 50479.46 | X22: 50603.2 | Y22: =SUM(X22-W22) -> 123.74 | Z22: 28298.65 | AA22: 28338.21 | AB22: =SUM(AA22-Z22) -> 39.56 | AC22: =SUM(AB22+Y22+V22+S22+P22+M22+J22+D22) -> 5462.48 | AD22: 1226379.1 | AE22: 1232165.9 | AF22: =SUM(AE22-AD22) -> 5786.82 | AG22: =SUM(AF22-AC22) -> 324.34
A23: 45122 | B23: =C22 -> 653071.13 | C23: 656326.76 | D23: =SUM(C23-B23) -> 3255.63 | H23: =I22 -> 184835.68 | I23: 185556.64 | J23: =SUM(I23-H23) -> 720.96 | K23: =L22 -> 69279.08 | L23: 69750.28 | M23: =SUM(L23-K23) -> 471.2 | N23: =O22 -> 119930.16 | O23: 120500.24 | P23: =SUM(O23-N23-V23) -> 393 | Q23: =R22 -> 94748.32 | R23: 95157.28 | S23: =SUM(R23-Q23) -> 408.96 | T23: =U22 -> 15304.36 | U23: 15481.44 | V23: =SUM(U23-T23) -> 177.08 | W23: =X22 -> 50603.2 | X23: 50718.34 | Y23: =SUM(X23-W23) -> 115.14 | Z23: =AA22 -> 28338.21 | AA23: 28405.42 | AB23: =SUM(AA23-Z23) -> 67.21 | AC23: =SUM(AB23+Y23+V23+S23+P23+M23+J23+D23) -> 5609.18 | AD23: =AE22 -> 1232165.9 | AE23: 1238087.9 | AF23: =SUM(AE23-AD23) -> 5921.93 | AG23: =SUM(AF23-AC23) -> 312.75
A24: 45123 | B24: =C23 -> 656326.76 | C24: 659391.7 | D24: =SUM(C24-B24) -> 3064.94 | H24: =I23 -> 185556.64 | I24: 186207.84 | J24: =SUM(I24-H24) -> 651.2 | K24: =L23 -> 69750.28 | L24: 69972.24 | M24: =SUM(L24-K24) -> 221.96 | N24: =O23 -> 120500.24 | O24: 121065.76 | P24: =SUM(O24-N24-V24) -> 392.68 | Q24: =R23 -> 95157.28 | R24: 95526.16 | S24: =SUM(R24-Q24) -> 368.88 | T24: =U23 -> 15481.44 | U24: 15654.28 | V24: =SUM(U24-T24) -> 172.84 | W24: =X23 -> 50718.34 | X24: 50862.58 | Y24: =SUM(X24-W24) -> 144.24 | Z24: =AA23 -> 28405.42 | AA24: 28463 | AB24: =SUM(AA24-Z24) -> 57.58 | AC24: =SUM(AB24+Y24+V24+S24+P24+M24+J24+D24) -> 5074.32 | AD24: =AE23 -> 1238087.9 | AE24: 1243406.5 | AF24: =SUM(AE24-AD24) -> 5318.62 | AG24: =SUM(AF24-AC24) -> 244.3
A25: 45124 | B25: =C24 -> 659391.7 | C25: 662588.88 | D25: =SUM(C25-B25) -> 3197.18 | H25: =I24 -> 186207.84 | I25: 186889.88 | J25: =SUM(I25-H25) -> 682.04 | K25: =L24 -> 69972.24 | L25: 70249.8 | M25: =SUM(L25-K25) -> 277.56 | N25: =O24 -> 121065.76 | O25: 121642.16 | P25: =SUM(O25-N25-V25) -> 395.96 | Q25: =R24 -> 95526.16 | R25: 95905.6 | S25: =SUM(R25-Q25) -> 379.44 | T25: =U24 -> 15654.28 | U25: 15834.72 | V25: =SUM(U25-T25) -> 180.44 | W25: =X24 -> 50862.58 | X25: 50997.26 | Y25: =SUM(X25-W25) -> 134.68 | Z25: =AA24 -> 28463 | AA25: 28543.84 | AB25: =SUM(AA25-Z25) -> 80.84 | AC25: =SUM(AB25+Y25+V25+S25+P25+M25+J25+D25) -> 5328.14 | AD25: =AE24 -> 1243406.5 | AE25: 1249057.2 | AF25: =SUM(AE25-AD25) -> 5650.72 | AG25: =SUM(AF25-AC25) -> 322.58
A26: 45125 | B26: =C25 -> 662588.88 | C26: 664405.6 | D26: =SUM(C26-B26) -> 1816.72 | H26: =I25 -> 186889.88 | I26: 187777.12 | J26: =SUM(I26-H26) -> 887.24 | K26: =L25 -> 70249.8 | L26: 70407.92 | M26: =SUM(L26-K26) -> 158.12 | N26: =O25 -> 121642.16 | O26: 122181.2 | P26: =SUM(O26-N26-V26) -> 352.52 | Q26: =R25 -> 95905.6 | R26: 96172.48 | S26: =SUM(R26-Q26) -> 266.88 | T26: =U25 -> 15834.72 | U26: 16021.24 | V26: =SUM(U26-T26) -> 186.52 | W26: =X25 -> 50997.26 | X26: 51153.58 | Y26: =SUM(X26-W26) -> 156.32 | Z26: =AA25 -> 28543.84 | AA26: 28616.63 | AB26: =SUM(AA26-Z26) -> 72.79 | AC26: =SUM(AB26+Y26+V26+S26+P26+M26+J26+D26) -> 3897.11 | AD26: =AE25 -> 1249057.2 | AE26: 1253303.2 | AF26: =SUM(AE26-AD26) -> 4245.98 | AG26: =SUM(AF26-AC26) -> 348.87
A27: 45126 | B27: =C26 -> 664405.6 | C27: 667269.9 | D27: =SUM(C27-B27) -> 2864.3 | H27: =I26 -> 187777.12 | I27: 188745.84 | J27: =SUM(I27-H27) -> 968.72 | K27: =L26 -> 70407.92 | L27: 70681.4 | M27: =SUM(L27-K27) -> 273.48 | N27: =O26 -> 122181.2 | O27: 122745.2 | P27: =SUM(O27-N27-V27) -> 380.56 | Q27: =R26 -> 96172.48 | R27: 96535.4 | S27: =SUM(R27-Q27) -> 362.92 | T27: =U26 -> 16021.24 | U27: 16204.68 | V27: =SUM(U27-T27) -> 183.44 | W27: =X26 -> 51153.58 | X27: 51348.1 | Y27: =SUM(X27-W27) -> 194.52 | Z27: =AA26 -> 28616.63 | AA27: 28734.34 | AB27: =SUM(AA27-Z27) -> 117.71 | AC27: =SUM(AB27+Y27+V27+S27+P27+M27+J27+D27) -> 5345.65 | AD27: =AE26 -> 1253303.2 | AE27: 1258996.5 | AF27: =SUM(AE27-AD27) -> 5693.3 | AG27: =SUM(AF27-AC27) -> 347.65
A28: 45127 | B28: =C27 -> 667269.9 | C28: 670159.95 | D28: =SUM(C28-B28) -> 2890.05 | H28: =I27 -> 188745.84 | I28: =H29 -> 189701.72 | J28: =SUM(I28-H28) -> 955.88 | K28: =L27 -> 70681.4 | L28: =K29 -> 70912.84 | M28: =SUM(L28-K28) -> 231.44 | N28: =O27 -> 122745.2 | O28: =N29 -> 123324.08 | P28: =SUM(O28-N28-V28) -> 382.84 | Q28: =R27 -> 96535.4 | R28: =Q29 -> 96901.52 | S28: =SUM(R28-Q28) -> 366.12 | T28: =U27 -> 16204.68 | U28: =T29 -> 16400.72 | V28: =SUM(U28-T28) -> 196.04 | W28: =X27 -> 51348.1 | X28: =W29 -> 51505.11 | Y28: =SUM(X28-W28) -> 157.01 | Z28: =AA27 -> 28734.34 | AA28: =Z29 -> 28816.81 | AB28: =SUM(AA28-Z28) -> 82.47 | AC28: =SUM(AB28+Y28+V28+S28+P28+M28+J28+D28) -> 5261.85 | AD28: =AE27 -> 1258996.5 | AE28: =AD29 -> 1264578.6 | AF28: =SUM(AE28-AD28) -> 5582.05 | AG28: =SUM(AF28-AC28) -> 320.2
A29: 45128 | B29: 670160 | C29: =B30 -> 673253.5 | D29: =SUM(C29-B29) -> 3093.5 | H29: 189701.72 | I29: =H30 -> 190747.52 | J29: =SUM(I29-H29) -> 1045.8 | K29: 70912.84 | L29: =K30 -> 71177.48 | M29: =SUM(L29-K29) -> 264.64 | N29: 123324.08 | O29: =N30 -> 123897.36 | P29: =SUM(O29-N29-V29) -> 390.63 | Q29: 96901.52 | R29: =Q30 -> 97314 | S29: =SUM(R29-Q29) -> 412.48 | T29: 16400.72 | U29: =T30 -> 16583.37 | V29: =SUM(U29-T29) -> 182.65 | W29: 51505.11 | X29: =W30 -> 51692.38 | Y29: =SUM(X29-W29) -> 187.27 | Z29: 28816.81 | AA29: =Z30 -> 28879.95 | AB29: =SUM(AA29-Z29) -> 63.14 | AC29: =SUM(AB29+Y29+V29+S29+P29+M29+J29+D29) -> 5640.11 | AD29: 1264578.6 | AE29: =AD30 -> 1270610.8 | AF29: =SUM(AE29-AD29) -> 6032.2 | AG29: =SUM(AF29-AC29) -> 392.09
A30: 45129 | B30: 673253.5 | C30: 676449.2 | D30: =SUM(C30-B30) -> 3195.7 | H30: 190747.52 | I30: 191861.92 | J30: =SUM(I30-H30) -> 1114.4 | K30: 71177.48 | L30: 71574.72 | M30: =SUM(L30-K30) -> 397.24 | N30: 123897.36 | O30: 124505.84 | P30: =SUM(O30-N30-V30) -> 408.99 | Q30: 97314 | R30: 97759.2 | S30: =SUM(R30-Q30) -> 445.2 | T30: 16583.37 | U30: 16782.86 | V30: =SUM(U30-T30) -> 199.49 | W30: 51692.38 | X30: 51842.73 | Y30: =SUM(X30-W30) -> 150.35 | Z30: 28879.95 | AA30: 28952.02 | AB30: =SUM(AA30-Z30) -> 72.07 | AC30: =SUM(AB30+Y30+V30+S30+P30+M30+J30+D30) -> 5983.44 | AD30: 1270610.8 | AE30: 1276949.2 | AF30: =SUM(AE30-AD30) -> 6338.44 | AG30: =SUM(AF30-AC30) -> 355
A31: 45130 | B31: =C30 -> 676449.2 | C31: 679713.43 | D31: =SUM(C31-B31) -> 3264.23 | H31: =I30 -> 191861.92 | I31: 193010.8 | J31: =SUM(I31-H31) -> 1148.88 | K31: =L30 -> 71574.72 | L31: 71859.84 | M31: =SUM(L31-K31) -> 285.12 | N31: =O30 -> 124505.84 | O31: 125094.24 | P31: =SUM(O31-N31-V31) -> 425.26 | Q31: =R30 -> 97759.2 | R31: 98222.72 | S31: =SUM(R31-Q31) -> 463.52 | T31: =U30 -> 16782.86 | U31: 16946 | V31: =SUM(U31-T31) -> 163.14 | W31: =X30 -> 51842.73 | X31: 52021.89 | Y31: =SUM(X31-W31) -> 179.16 | Z31: =AA30 -> 28952.02 | AA31: 29009.41 | AB31: =SUM(AA31-Z31) -> 57.39 | AC31: =SUM(AB31+Y31+V31+S31+P31+M31+J31+D31) -> 5986.7 | AD31: =AE30 -> 1276949.2 | AE31: 1283202.9 | AF31: =SUM(AE31-AD31) -> 6253.66 | AG31: =SUM(AF31-AC31) -> 266.96
A32: 45131 | B32: =C31 -> 679713.43 | C32: 682260.96 | D32: =SUM(C32-B32) -> 2547.53 | H32: =I31 -> 193010.8 | I32: =H33 -> 193786.32 | J32: =SUM(I32-H32) -> 775.52 | K32: =L31 -> 71859.84 | L32: 72189 | M32: =SUM(L32-K32) -> 329.16 | N32: =O31 -> 125094.24 | O32: 125647.6 | P32: =SUM(O32-N32-V32) -> 344.56 | Q32: =R31 -> 98222.72 | R32: =Q33 -> 98622.64 | S32: =SUM(R32-Q32) -> 399.92 | T32: =U31 -> 16946 | U32: =T33 -> 17154.8 | V32: =SUM(U32-T32) -> 208.8 | W32: =X31 -> 52021.89 | X32: =W33 -> 52144.65 | Y32: =SUM(X32-W32) -> 122.76 | Z32: =AA31 -> 29009.41 | AA32: =Z33 -> 29067 | AB32: =SUM(AA32-Z32) -> 57.59 | AC32: =SUM(AB32+Y32+V32+S32+P32+M32+J32+D32) -> 4785.84 | AD32: =AE31 -> 1283202.9 | AE32: =AD33 -> 1288274.2 | AF32: =SUM(AE32-AD32) -> 5071.35 | AG32: =SUM(AF32-AC32) -> 285.51
A33: 45132 | B33: =C32 -> 682260.96 | C33: 684449.01 | D33: =SUM(C33-B33) -> 2188.05 | E33: - | F33: - | G33: - | H33: 193786.32 | I33: 194535.28 | J33: =SUM(I33-H33) -> 748.96 | K33: 72189.72 | L33: =K34 -> 72363.363 | M33: =SUM(L33-K33) -> 173.643 | N33: 125647.6 | O33: 126071.76 | P33: =SUM(O33-N33-V33) -> 274.56 | Q33: 98622.64 | R33: =Q34 -> 98818.8 | S33: =SUM(R33-Q33) -> 196.16 | T33: 17154.8 | U33: =T34 -> 17304.4 | V33: =SUM(U33-T33) -> 149.6 | W33: 52144.65 | X33: =W34 -> 52263.74 | Y33: =SUM(X33-W33) -> 119.09 | Z33: 29067 | AA33: =Z34 -> 29114.44 | AB33: =SUM(AA33-Z33) -> 47.44 | AC33: =SUM(AB33+Y33+V33+S33+P33+M33+J33+D33) -> 3897.503 | AD33: 1288274.2 | AE33: =AD34 -> 1292485.8 | AF33: =SUM(AE33-AD33) -> 4211.63 | AG33: =SUM(AF33-AC33) -> 314.127
A34: 45133 | B34: 684449.01 | C34: =B35 -> 686402.13 | D34: =SUM(C34-B34) -> 1953.12 | H34: =I33 -> 194535.28 | I34: =H35 -> 195612.1 | J34: =SUM(I34-H34) -> 1076.82 | K34: 72363.363 | L34: =K35 -> 72553.96 | M34: =SUM(L34-K34) -> 190.597 | N34: 126071.76 | O34: =N35 -> 126556.96 | P34: =SUM(O34-N34-V34) -> 298.36 | Q34: 98818.8 | R34: =Q35 -> 99147.6 | S34: =SUM(R34-Q34) -> 328.8 | T34: 17304.4 | U34: =T35 -> 17491.24 | V34: =SUM(U34-T34) -> 186.84 | W34: 52263.74 | X34: =W35 -> 52445.41 | Y34: =SUM(X34-W34) -> 181.67 | Z34: 29114.44 | AA34: =Z35 -> 29173.84 | AB34: =SUM(AA34-Z34) -> 59.4 | AC34: =SUM(AB34+Y34+V34+S34+P34+M34+J34+D34) -> 4275.607 | AD34: 1292485.8 | AE34: =AD35 -> 1297073.5 | AF34: =SUM(AE34-AD34) -> 4587.64 | AG34: =SUM(AF34-AC34) -> 312.033
A35: 45134 | B35: 686402.13 | C35: 686469.33 | D35: =SUM(C35-B35) -> 67.2 | H35: 195612.1 | I35: 195789.24 | J35: =SUM(I35-H35) -> 177.14 | K35: 72553.96 | L35: 72637.24 | M35: =SUM(L35-K35) -> 83.28 | N35: 126556.96 | O35: 126784 | P35: =SUM(O35-N35-V35) -> 150.52 | Q35: 99147.6 | R35: 99469.84 | S35: =SUM(R35-Q35) -> 322.24 | T35: 17491.24 | U35: 17567.76 | V35: =SUM(U35-T35) -> 76.52 | W35: 52445.41 | X35: 52616.57 | Y35: =SUM(X35-W35) -> 171.16 | Z35: 29173.84 | AA35: 29257.05 | AB35: =SUM(AA35-Z35) -> 83.21 | AC35: =SUM(AB35+Y35+V35+S35+P35+M35+J35+D35) -> 1131.27 | AD35: 1297073.5 | AE35: 1298622.5 | AF35: =SUM(AE35-AD35) -> 1549.04 | AG35: =SUM(AF35-AC35) -> 417.77
A36: 45135 | C36: =B37 -> 0 | D36: =SUM(C36-B36) -> 0 | I36: =H37 -> 0 | J36: =SUM(I36-H36) -> 0 | L36: =K37 -> 0 | M36: =SUM(L36-K36) -> 0 | O36: =N37 -> 0 | P36: =SUM(O36-N36-V36) -> 0 | R36: =Q37 -> 0 | S36: =SUM(R36-Q36) -> 0 | U36: =T37 -> 0 | V36: =SUM(U36-T36) -> 0 | X36: =W37 -> 0 | Y36: =SUM(X36-W36) -> 0 | AA36: =Z37 -> 0 | AB36: =SUM(AA36-Z36) -> 0 | AC36: =SUM(AB36+Y36+V36+S36+P36+M36+J36+D36) -> 0 | AE36: =AD37 -> 0 | AF36: =SUM(AE36-AD36) -> 0 | AG36: =SUM(AF36-AC36) -> 0
A37: 45136 | D37: =SUM(C37-B37) -> 0 | J37: =SUM(I37-H37) -> 0 | M37: =SUM(L37-K37) -> 0 | S37: =SUM(R37-Q37) -> 0 | V37: =SUM(U37-T37) -> 0 | Y37: =SUM(X37-W37) -> 0 | AB37: =SUM(AA37-Z37) -> 0 | AC37: =SUM(AB37+Y37+V37+S37+P37+M37+J37+D37) -> 0 | AE37: =AD38 -> 1298622.5 | AF37: =SUM(AE37-AD37) -> 1298622.5 | AG37: =SUM(AF37-AC37) -> 1298622.5
A38: 45137 | B38: =C35 -> 686469.33 | C38: =B39 -> 686469.3 | D38: 0 | H38: 195798.24 | I38: 195884.32 | J38: =SUM(I38-H38) -> 86.08 | K38: =L35 -> 72637.24 | L38: =K39 -> 72676.72 | M38: =SUM(L38-K38) -> 39.48 | N38: =O35 -> 126784 | O38: 126831.76 | P38: =SUM(O38-N38-V38) -> 29.2 | Q38: =R35 -> 99469.84 | R38: =Q39 -> 99569.6 | S38: =SUM(R38-Q38) -> 99.76 | T38: =U35 -> 17567.76 | U38: =T39 -> 17586.32 | V38: =SUM(U38-T38) -> 18.56 | W38: =X35 -> 52616.57 | X38: =W39 -> 52660.4 | Y38: =SUM(X38-W38) -> 43.83 | Z38: =AA35 -> 29257.05 | AA38: =Z39 -> 29276.1 | AB38: =SUM(AA38-Z38) -> 19.05 | AC38: =SUM(AB38+Y38+V38+S38+P38+M38+J38+D38) -> 335.96 | AD38: =AE35 -> 1298622.5 | AE38: =AD39 -> 1299110.3 | AF38: =SUM(AE38-AD38) -> 487.79 | AG38: =SUM(AF38-AC38) -> 151.83
A39: 45138 | B39: =686469.3 -> 686469.3 | C39: 687120.5 | D39: =SUM(C39-B39) -> 651.2 | H39: 195884.32 | I39: 196311.84 | J39: =SUM(I39-H39) -> 427.52 | K39: 72676.72 | L39: 72784.44 | M39: =SUM(L39-K39) -> 107.72 | N39: 126831.76 | O39: 127202.2 | P39: =SUM(O39-N39-V39) -> 229.24 | Q39: 99569.6 | R39: 99732.64 | S39: =SUM(R39-Q39) -> 163.04 | T39: 17586.32 | U39: 17727.52 | V39: =SUM(U39-T39) -> 141.2 | W39: 52660.4 | X39: 52800 | Y39: =SUM(X39-W39) -> 139.6 | Z39: 29276.1 | AA39: 29314.8 | AB39: =SUM(AA39-Z39) -> 38.7 | AC39: =SUM(AB39+Y39+V39+S39+P39+M39+J39+D39) -> 1898.22 | AD39: 1299110.3 | AE39: 1301320.2 | AF39: =SUM(AE39-AD39) -> 2209.9 | AG39: =SUM(AF39-AC39) -> 311.68
D40: =SUM(D8:D39) -> 73824.1 | J40: =SUM(J9:J39) -> 22724.12 | M40: =SUM(M9:M39) -> 9089.84 | P40: =SUM(P9:P39) -> 10054.12 | S40: =SUM(S9:S39) -> 10572.15 | V40: =SUM(V9:V39) -> 5105.6 | Y40: =SUM(Y9:Y39) -> 3955.23 | AB40: =SUM(AB9:AB39) -> 1689.75 | AF40: =SUM(AF9:AF39) -> 1445685.1

Sheet Aug 2023
A2: FOR THE MONTH OF AUGUST 2023
A4: Date | B4: KWH REPORT FIBER BLEACHING
B6: BUSWAY 1 (PRE AND POST BLOW ROOM + DRYER +BLEACHING MACHINES+ STAMP PRESS+ CAKE OPENOR+ CENTRIFUGE+ BALE PRESS) | E6: BUSWAY 2 | H6: MCC 1 (EXHAUST FAN+ FA FAN+ DRYER FAN+ SUBMERSIBLE PUMP +RECYCLE PUMP) | K6: MCC 2 (FA FAN +EXHAUST FAN CHEMICAL AREA+CAUSTIC FEED PUMP+WASTE WATER PUMP) | N6: MCC 3 (COMPRESSOR +FA FAN+ EXHAUST FAN)+BOILER | Q6: MCC 4 (SOFTENING PUMP+UV PUMP+FEED PUMP+ CAUSTIC PUMP+RAW WATER PUMP+ CHEMICAL AREA) | T6: MCC 5 (BOILER) | W6: LPDB 1 (PHASE 1 AND 2 LIGHTENING LOAD) | Z6: LPDB 2 (PRE BLOW ROOM LIGHTENING LOAD) | AC6: LPDB OFFICE
B7: Opening | C7: Closing | D7: Total Units Kwh / d | E7: Opening | F7: Closing | G7: Total Units Kwh / d | H7: Opening | I7: Closing | J7: Total Units Kwh / d | K7: Opening | L7: Closing | M7: Total Units Kwh / d | N7: Opening | O7: Closing | P7: Total Units Kwh / d | Q7: Opening | R7: Closing | S7: Total Units Kwh / d | T7: Opening | U7: Closing | V7: Total Units Kwh / d | W7: Opening | X7: Closing | Y7: Total Units Kwh / d | Z7: Opening | AA7: Closing | AB7: Total Units Kwh / d | AC7: Opening | AD7: Closing | AE7: Total Units Kwh / d | AF7: TOTAL CONSUMED | AG7: MAIN INCOMING | AJ7: Dif b/t main LT and consum
AG8: Opening | AH8: Closing | AI8: Total Units Kwh / d
A9: 45139 | B9: 687120.5 | C9: 688815.9 | D9: =SUM(C9-B9) -> 1695.4 | E9: - | F9: - | G9: - | H9: 196311.84 | I9: 197100 | J9: =SUM(I9-H9) -> 788.16 | K9: 72784.44 | L9: 72943.28 | M9: =SUM(L9-K9) -> 158.84 | N9: 127202.2 | O9: 127673.6 | P9: =SUM(O9-N9-V9) -> 492.76 | Q9: 99732.64 | R9: 100014.8 | S9: =SUM(R9-Q9) -> 282.16 | T9: 17727.52 | U9: 17706.16 | V9: =SUM(U9-T9) -> -21.36 | W9: 52800 | X9: 52959.16 | Y9: =SUM(X9-W9) -> 159.16 | Z9: 29314.8 | AA9: 29415.2 | AB9: =SUM(AA9-Z9) -> 100.4 | AF9: =SUM(AB9+Y9+V9+S9+P9+M9+J9+D9) -> 3655.52 | AG9: 1301320.2 | AH9: 1305284 | AI9: =SUM(AH9-AG9) -> 3963.8 | AJ9: =SUM(AI9-AF9) -> 308.28
A10: 45140 | B10: =C9 -> 688815.9 | C10: 691269.9 | D10: =SUM(C10-B10) -> 2454 | H10: =I9 -> 197100 | I10: 197891.2 | J10: =SUM(I10-H10) -> 791.2 | K10: =L9 -> 72943.28 | L10: 73183.68 | M10: =SUM(L10-K10) -> 240.4 | N10: =O9 -> 127673.6 | O10: 128180.6 | P10: =SUM(O10-N10-V10) -> 127.84 | Q10: =R9 -> 100014.8 | R10: 100313.1 | S10: =SUM(R10-Q10) -> 298.3 | T10: =U9 -> 17706.16 | U10: 18085.32 | V10: =SUM(U10-T10) -> 379.16 | W10: =X9 -> 52959.16 | X10: 53137.85 | Y10: =SUM(X10-W10) -> 178.69 | Z10: =AA9 -> 29415.2 | AA10: 29495.4 | AB10: =SUM(AA10-Z10) -> 80.2 | AF10: =SUM(AB10+Y10+V10+S10+P10+M10+J10+D10) -> 4549.79 | AG10: =AH9 -> 1305284 | AH10: 1310161 | AI10: =SUM(AH10-AG10) -> 4877 | AJ10: =SUM(AI10-AF10) -> 327.21
A11: 45141 | B11: =C10 -> 691269.9 | C11: 694292.9 | D11: =SUM(C11-B11) -> 3023 | H11: =I10 -> 197891.2 | I11: 198596.8 | J11: =SUM(I11-H11) -> 705.6 | K11: =L10 -> 73183.68 | L11: 73618.52 | M11: =SUM(L11-K11) -> 434.84 | N11: =O10 -> 128180.6 | O11: 128705.76 | P11: =SUM(O11-N11-V11) -> 351.72 | Q11: =R10 -> 100313.1 | R11: 100670.2 | S11: =SUM(R11-Q11) -> 357.1 | T11: =U10 -> 18085.32 | U11: 18258.76 | V11: =SUM(U11-T11) -> 173.44 | W11: =X10 -> 53137.85 | X11: 53306.84 | Y11: =SUM(X11-W11) -> 168.99 | Z11: =AA10 -> 29495.4 | AA11: 29583.33 | AB11: =SUM(AA11-Z11) -> 87.93 | AF11: =SUM(AB11+Y11+V11+S11+P11+M11+J11+D11) -> 5302.62 | AG11: =AH10 -> 1310161 | AH11: 1315782.2 | AI11: =SUM(AH11-AG11) -> 5621.17 | AJ11: =SUM(AI11-AF11) -> 318.55
A12: 45142 | B12: =C11 -> 694292.9 | C12: 698438.4 | D12: =SUM(C12-B12) -> 4145.5 | H12: =I11 -> 198596.8 | I12: 199938.6 | J12: =SUM(I12-H12) -> 1341.8 | K12: =L11 -> 73618.52 | L12: 73932.72 | M12: =SUM(L12-K12) -> 314.2 | N12: =O11 -> 128705.76 | O12: 129366 | P12: =SUM(O12-N12-V12) -> 443.68 | Q12: =R11 -> 100670.2 | R12: 101140.64 | S12: =SUM(R12-Q12) -> 470.44 | T12: =U11 -> 18258.76 | U12: 18475.32 | V12: =SUM(U12-T12) -> 216.56 | W12: =X11 -> 53306.84 | X12: 53481.26 | Y12: =SUM(X12-W12) -> 174.42 | Z12: =AA11 -> 29583.33 | AA12: 29686.21 | AB12: =SUM(AA12-Z12) -> 102.88 | AF12: =SUM(AB12+Y12+V12+S12+P12+M12+J12+D12) -> 7209.48 | AG12: =AH11 -> 1315782.2 | AH12: 1323326 | AI12: =SUM(AH12-AG12) -> 7543.83 | AJ12: =SUM(AI12-AF12) -> 334.35
A13: 45143 | B13: =C12 -> 698438.4 | C13: 703357.8 | D13: =SUM(C13-B13) -> 4919.401 | H13: =I12 -> 199938.6 | I13: 201235.84 | J13: =SUM(I13-H13) -> 1297.24 | K13: =L12 -> 73932.72 | L13: 74381.36 | M13: =SUM(L13-K13) -> 448.64 | N13: =O12 -> 129366 | O13: 130146.9 | P13: =SUM(O13-N13-V13) -> 534.97 | Q13: =R12 -> 101140.64 | R13: 101639.92 | S13: =SUM(R13-Q13) -> 499.28 | T13: =U12 -> 18475.32 | U13: 18721.25 | V13: =SUM(U13-T13) -> 245.93 | W13: =X12 -> 53481.26 | X13: 53757.81 | Y13: =SUM(X13-W13) -> 276.55 | Z13: =AA12 -> 29686.21 | AA13: 29789.43 | AB13: =SUM(AA13-Z13) -> 103.22 | AF13: =SUM(AB13+Y13+V13+S13+P13+M13+J13+D13) -> 8325.231 | AG13: =AH12 -> 1323326 | AH13: 1332067.6 | AI13: =SUM(AH13-AG13) -> 8741.6 | AJ13: =SUM(AI13-AF13) -> 416.369
A14: 45144 | B14: =C13 -> 703357.8 | C14: 707623.48 | D14: =SUM(C14-B14) -> 4265.679 | H14: =I13 -> 201235.84 | I14: 202718.16 | J14: =SUM(I14-H14) -> 1482.32 | K14: =L13 -> 74381.36 | L14: 74686.6 | M14: =SUM(L14-K14) -> 305.24 | N14: =O13 -> 130146.9 | O14: 130917.68 | P14: =SUM(O14-N14-V14) -> 525.67 | Q14: =R13 -> 101639.92 | R14: 102104.24 | S14: =SUM(R14-Q14) -> 464.32 | T14: =U13 -> 18721.25 | U14: 18966.36 | V14: =SUM(U14-T14) -> 245.11 | W14: =X13 -> 53757.81 | X14: 54028.72 | Y14: =SUM(X14-W14) -> 270.91 | Z14: =AA13 -> 29789.43 | AA14: 29893.83 | AB14: =SUM(AA14-Z14) -> 104.4 | AF14: =SUM(AB14+Y14+V14+S14+P14+M14+J14+D14) -> 7663.649 | AG14: =AH13 -> 1332067.6 | AH14: 1339998.3 | AI14: =SUM(AH14-AG14) -> 7930.71 | AJ14: =SUM(AI14-AF14) -> 267.061
A15: 45145 | B15: =C14 -> 707623.48 | C15: 711612.9 | D15: =SUM(C15-B15) -> 3989.42 | H15: =I14 -> 202718.16 | I15: 203909.2 | J15: =SUM(I15-H15) -> 1191.04 | K15: =L14 -> 74686.6 | L15: 75012.36 | M15: =SUM(L15-K15) -> 325.76 | N15: =O14 -> 130917.68 | O15: 131671.84 | P15: =SUM(O15-N15-V15) -> 526.32 | Q15: =R14 -> 102104.24 | R15: 102534.1 | S15: =SUM(R15-Q15) -> 429.86 | T15: =U14 -> 18966.36 | U15: 19194.2 | V15: =SUM(U15-T15) -> 227.84 | W15: =X14 -> 54028.72 | X15: 54303.4 | Y15: =SUM(X15-W15) -> 274.68 | Z15: =AA14 -> 29893.83 | AA15: 30006.82 | AB15: =SUM(AA15-Z15) -> 112.99 | AF15: =SUM(AB15+Y15+V15+S15+P15+M15+J15+D15) -> 7077.91 | AG15: =AH14 -> 1339998.3 | AH15: 1347466 | AI15: =SUM(AH15-AG15) -> 7467.69 | AJ15: =SUM(AI15-AF15) -> 389.78
A16: 45146 | B16: =C15 -> 711612.9 | C16: 715690.02 | D16: =SUM(C16-B16) -> 4077.12 | H16: =I15 -> 203909.2 | I16: 205359.76 | J16: =SUM(I16-H16) -> 1450.56 | K16: =L15 -> 75012.36 | L16: 75644.76 | M16: =SUM(L16-K16) -> 632.4 | N16: =O15 -> 131671.84 | O16: 132400.48 | P16: =SUM(O16-N16-V16) -> 506.8 | Q16: =R15 -> 102534.1 | R16: 102986 | S16: =SUM(R16-Q16) -> 451.9 | T16: =U15 -> 19194.2 | U16: 19416.04 | V16: =SUM(U16-T16) -> 221.84 | W16: =X15 -> 54303.4 | X16: 54576.42 | Y16: =SUM(X16-W16) -> 273.02 | Z16: =AA15 -> 30006.82 | AA16: 30128.59 | AB16: =SUM(AA16-Z16) -> 121.77 | AF16: =SUM(AB16+Y16+V16+S16+P16+M16+J16+D16) -> 7735.41 | AG16: =AH15 -> 1347466 | AH16: 1355541.8 | AI16: =SUM(AH16-AG16) -> 8075.75 | AJ16: =SUM(AI16-AF16) -> 340.34
A17: 45147 | B17: =C16 -> 715690.02 | C17: 719714.29 | D17: =SUM(C17-B17) -> 4024.27 | H17: =I16 -> 205359.76 | I17: 206725.6 | J17: =SUM(I17-H17) -> 1365.84 | K17: =L16 -> 75644.76 | L17: 76106.12 | M17: =SUM(L17-K17) -> 461.36 | N17: =O16 -> 132400.48 | O17: 133169.28 | P17: =SUM(O17-N17-V17) -> 535.4 | Q17: =R16 -> 102986 | R17: 103450.64 | S17: =SUM(R17-Q17) -> 464.64 | T17: =U16 -> 19416.04 | U17: 19649.44 | V17: =SUM(U17-T17) -> 233.4 | W17: =X16 -> 54576.42 | X17: 54851.54 | Y17: =SUM(X17-W17) -> 275.12 | Z17: =AA16 -> 30128.59 | AA17: 30278.38 | AB17: =SUM(AA17-Z17) -> 149.79 | AF17: =SUM(AB17+Y17+V17+S17+P17+M17+J17+D17) -> 7509.82 | AG17: =AH16 -> 1355541.8 | AH17: 1363417.2 | AI17: =SUM(AH17-AG17) -> 7875.41 | AJ17: =SUM(AI17-AF17) -> 365.59
A18: 45148 | B18: =C17 -> 719714.29 | C18: 723889.6 | D18: =SUM(C18-B18) -> 4175.31 | E18: 4.08 | F18: 5.42 | G18: =SUM(F18-E18) -> 1.34 | H18: =I17 -> 206725.6 | I18: 208074.56 | J18: =SUM(I18-H18) -> 1348.96 | K18: =L17 -> 76106.12 | L18: 76436 | M18: =SUM(L18-K18) -> 329.88 | N18: =O17 -> 133169.28 | O18: 133895 | P18: =SUM(O18-N18-V18) -> 527.16 | Q18: =R17 -> 103450.64 | R18: 103894.48 | S18: =SUM(R18-Q18) -> 443.84 | T18: =U17 -> 19649.44 | U18: 19848 | V18: =SUM(U18-T18) -> 198.56 | W18: =X17 -> 54851.54 | X18: 55100.58 | Y18: =SUM(X18-W18) -> 249.04 | Z18: =AA17 -> 30278.38 | AA18: 30433.48 | AB18: =SUM(AA18-Z18) -> 155.1 | AF18: =SUM(AB18+Y18+V18+S18+P18+M18+J18+D18+G18) -> 7429.19 | AG18: =AH17 -> 1363417.2 | AH18: 1371236.2 | AI18: =SUM(AH18-AG18) -> 7819.02 | AJ18: =SUM(AI18-AF18) -> 389.83
A19: 45149 | B19: =C18 -> 723889.6 | C19: 727054.2 | D19: =SUM(C19-B19) -> 3164.6 | E19: =F18 -> 5.42 | F19: 6.54 | G19: =SUM(F19-E19) -> 1.12 | H19: =I18 -> 208074.56 | I19: 209023.12 | J19: =SUM(I19-H19) -> 948.56 | K19: =L18 -> 76436 | L19: 76709.8 | M19: =SUM(L19-K19) -> 273.8 | N19: =O18 -> 133895 | O19: 134483.12 | P19: =SUM(O19-N19-V19) -> 417.82 | Q19: =R18 -> 103894.48 | R19: 104343.83 | S19: =SUM(R19-Q19) -> 449.35 | T19: =U18 -> 19848 | U19: 20018.3 | V19: =SUM(U19-T19) -> 170.3 | W19: =X18 -> 55100.58 | X19: 55286.3 | Y19: =SUM(X19-W19) -> 185.72 | Z19: =AA18 -> 30433.48 | AA19: 30556.1 | AB19: =SUM(AA19-Z19) -> 122.62 | AF19: =SUM(AB19+Y19+V19+S19+P19+M19+J19+D19+G19) -> 5733.89 | AG19: =AH18 -> 1371236.2 | AH19: 1377250.9 | AI19: =SUM(AH19-AG19) -> 6014.72 | AJ19: =SUM(AI19-AF19) -> 280.83
A20: 45150 | B20: =C19 -> 727054.2 | C20: 730124.14 | D20: =SUM(C20-B20) -> 3069.94 | E20: =F19 -> 6.54 | F20: 7.48 | G20: =SUM(F20-E20) -> 0.94 | H20: =I19 -> 209023.12 | I20: 210078.96 | J20: =SUM(I20-H20) -> 1055.84 | K20: =L19 -> 76709.8 | L20: 76989.48 | M20: =SUM(L20-K20) -> 279.68 | N20: =O19 -> 134483.12 | O20: 135064.16 | P20: =SUM(O20-N20-V20) -> 392.26 | Q20: =R19 -> 104343.83 | R20: 104708.56 | S20: =SUM(R20-Q20) -> 364.73 | T20: =U19 -> 20018.3 | U20: 20207.08 | V20: =SUM(U20-T20) -> 188.78 | W20: =X19 -> 55286.3 | X20: 55464.63 | Y20: =SUM(X20-W20) -> 178.33 | Z20: =AA19 -> 30556.1 | AA20: 30440.37 | AB20: =SUM(AA20-Z20) -> -115.73 | AF20: =SUM(AB20+Y20+V20+S20+P20+M20+J20+D20+G20) -> 5414.77 | AG20: =AH19 -> 1377250.9 | AH20: 1383087.9 | AI20: =SUM(AH20-AG20) -> 5836.98 | AJ20: =SUM(AI20-AF20) -> 422.21
A21: 45151 | B21: =C20 -> 730124.14 | C21: 732873.43 | D21: =SUM(C21-B21) -> 2749.29 | E21: =F20 -> 7.48 | F21: 7.5 | G21: =SUM(F21-E21) -> 0.02 | H21: =I20 -> 210078.96 | I21: 211078.8 | J21: =SUM(I21-H21) -> 999.84 | K21: =L20 -> 76989.48 | L21: 77187.3 | M21: =SUM(L21-K21) -> 197.82 | N21: =O20 -> 135064.16 | O21: 135590.16 | P21: =SUM(O21-N21-V21) -> 353.88 | Q21: =R20 -> 104708.56 | R21: 105124.72 | S21: =SUM(R21-Q21) -> 416.16 | T21: =U20 -> 20207.08 | U21: 20379.2 | V21: =SUM(U21-T21) -> 172.12 | W21: =X20 -> 55464.63 | X21: 55635.99 | Y21: =SUM(X21-W21) -> 171.36 | Z21: =AA20 -> 30440.37 | AA21: 30763.89 | AB21: =SUM(AA21-Z21) -> 323.52 | AF21: =SUM(AB21+Y21+V21+S21+P21+M21+J21+D21+G21) -> 5384.01 | AG21: =AH20 -> 1383087.9 | AH21: 1388647.9 | AI21: =SUM(AH21-AG21) -> 5560.02 | AJ21: =SUM(AI21-AF21) -> 176.01
A22: 45152 | B22: - | E22: - | G22: - | H22: - | K22: - | M22: - | N22: - | P22: - | Q22: - | S22: - | T22: - | V22: - | W22: - | Y22: - | Z22: - | AB22: - | AF22: - | AG22: - | AI22: - | AJ22: -
A23: 45153 | B23: 732873.43 | C23: 735627.03 | D23: =SUM(C23-B23) -> 2753.6 | E23: 7.5 | F23: 7.51 | G23: =SUM(F23-E23) -> 0.01 | H23: 211078.8 | I23: 212448.96 | J23: =SUM(I23-H23) -> 1370.16 | K23: 77187.3 | L23: 77375.88 | M23: =SUM(L23-K23) -> 188.58 | N23: 135590.16 | O23: 136327.44 | P23: =SUM(O23-N23-V23) -> 504.18 | Q23: 105124.72 | R23: 105462.48 | S23: =SUM(R23-Q23) -> 337.76 | T23: 20379.2 | U23: 20612.3 | V23: =SUM(U23-T23) -> 233.1 | W23: 55635.99 | X23: 55882.71 | Y23: =SUM(X23-W23) -> 246.72 | Z23: 30763.89 | AA23: 30896.14 | AB23: =SUM(AA23-Z23) -> 132.25 | AF23: =SUM(AB23+Y23+V23+S23+P23+M23+J23+D23+G23) -> 5766.36 | AG23: 1388647.9 | AH23: 1394770 | AI23: =SUM(AH23-AG23) -> 6122.08 | AJ23: =SUM(AI23-AF23) -> 355.72
A24: 45154 | B24: 735627.03 | C24: 738475.1 | D24: =SUM(C24-B24) -> 2848.07 | E24: =F23 -> 7.51 | F24: 10.77 | G24: =SUM(F24-E24) -> 3.26 | H24: =I23 -> 212448.96 | I24: 213451.68 | J24: =SUM(I24-H24) -> 1002.72 | K24: =L23 -> 77375.88 | L24: 77646.36 | M24: =SUM(L24-K24) -> 270.48 | N24: =O23 -> 136327.44 | O24: 136904.48 | P24: =SUM(O24-N24-V24) -> 403.54 | Q24: =R23 -> 105462.48 | R24: 105828.1 | S24: =SUM(R24-Q24) -> 365.62 | T24: =U23 -> 20612.3 | U24: 20785.8 | V24: =SUM(U24-T24) -> 173.5 | W24: =X23 -> 55882.71 | X24: 56027.52 | Y24: =SUM(X24-W24) -> 144.81 | Z24: =AA23 -> 30896.14 | AA24: 31021.5 | AB24: =SUM(AA24-Z24) -> 125.36 | AF24: =SUM(AB24+Y24+V24+S24+P24+M24+J24+D24+G24) -> 5337.36 | AG24: =AH23 -> 1394770 | AH24: 1400423.6 | AI24: =SUM(AH24-AG24) -> 5653.62 | AJ24: =SUM(AI24-AF24) -> 316.26
A25: 45155 | B25: =C24 -> 738475.1 | C25: 741546.6 | D25: =SUM(C25-B25) -> 3071.5 | E25: =F24 -> 10.77 | F25: 11.35 | G25: =SUM(F25-E25) -> 0.58 | H25: =I24 -> 213451.68 | I25: 214258.72 | J25: =SUM(I25-H25) -> 807.04 | K25: =L24 -> 77646.36 | L25: 77920.4 | M25: =SUM(L25-K25) -> 274.04 | N25: =O24 -> 136904.48 | O25: 137476.72 | P25: =SUM(O25-N25-V25) -> 388.36 | Q25: =R24 -> 105828.1 | R25: 106220.56 | S25: =SUM(R25-Q25) -> 392.46 | T25: =U24 -> 20785.8 | U25: 20969.68 | V25: =SUM(U25-T25) -> 183.88 | W25: =X24 -> 56027.52 | X25: 56172.47 | Y25: =SUM(X25-W25) -> 144.95 | Z25: =AA24 -> 31021.5 | AA25: 31110.73 | AB25: =SUM(AA25-Z25) -> 89.23 | AF25: =SUM(AB25+Y25+V25+S25+P25+M25+J25+D25+G25) -> 5352.04 | AG25: =AH24 -> 1400423.6 | AH25: 1406108.4 | AI25: =SUM(AH25-AG25) -> 5684.82 | AJ25: =SUM(AI25-AF25) -> 332.78
A26: 45156 | B26: =C25 -> 741546.6 | C26: 744604.16 | D26: =SUM(C26-B26) -> 3057.56 | E26: =F25 -> 11.35 | F26: 12.36 | G26: =SUM(F26-E26) -> 1.01 | H26: =I25 -> 214258.72 | I26: 215429 | J26: =SUM(I26-H26) -> 1170.28 | K26: =L25 -> 77920.4 | L26: 78196.96 | M26: =SUM(L26-K26) -> 276.56 | N26: =O25 -> 137476.72 | O26: 138152.56 | P26: =SUM(O26-N26-V26) -> 458.28 | Q26: =R25 -> 106220.56 | R26: 106625.92 | S26: =SUM(R26-Q26) -> 405.36 | T26: =U25 -> 20969.68 | U26: 21187.24 | V26: =SUM(U26-T26) -> 217.56 | W26: =X25 -> 56172.47 | X26: 56346.01 | Y26: =SUM(X26-W26) -> 173.54 | Z26: =AA25 -> 31110.73 | AA26: 31204.1 | AB26: =SUM(AA26-Z26) -> 93.37 | AF26: =SUM(AB26+Y26+V26+S26+P26+M26+J26+D26+G26) -> 5853.52 | AG26: =AH25 -> 1406108.4 | AH26: 1412287.3 | AI26: =SUM(AH26-AG26) -> 6178.87 | AJ26: =SUM(AI26-AF26) -> 325.35
A27: 45157 | B27: =C26 -> 744604.16 | C27: 747667.9 | D27: =SUM(C27-B27) -> 3063.74 | E27: =F26 -> 12.36 | F27: 17.71 | G27: =SUM(F27-E27) -> 5.35 | H27: =I26 -> 215429 | I27: 216395.28 | J27: =SUM(I27-H27) -> 966.28 | K27: =L26 -> 78196.96 | L27: 78470.2 | M27: =SUM(L27-K27) -> 273.24 | N27: =O26 -> 138152.56 | O27: 138760.32 | P27: =SUM(O27-N27-V27) -> 418.24 | Q27: =R26 -> 106625.92 | R27: 106996.8 | S27: =SUM(R27-Q27) -> 370.88 | T27: =U26 -> 21187.24 | U27: 21376.76 | V27: =SUM(U27-T27) -> 189.52 | W27: =X26 -> 56346.01 | X27: 56490.04 | Y27: =SUM(X27-W27) -> 144.03 | Z27: =AA26 -> 31204.1 | AA27: 31262.03 | AB27: =SUM(AA27-Z27) -> 57.93 | AF27: =SUM(AB27+Y27+V27+S27+P27+M27+J27+D27+G27) -> 5489.21 | AG27: =AH26 -> 1412287.3 | AH27: 1418061.2 | AI27: =SUM(AH27-AG27) -> 5773.91 | AJ27: =SUM(AI27-AF27) -> 284.7
A28: 45158 | B28: =C27 -> 747667.9 | C28: 750966.43 | D28: =SUM(C28-B28) -> 3298.53 | E28: =F27 -> 17.71 | F28: 17.77 | G28: =SUM(F28-E28) -> 0.06 | H28: =I27 -> 216395.28 | I28: 217246.4 | J28: =SUM(I28-H28) -> 851.12 | K28: =L27 -> 78470.2 | L28: 78659.68 | M28: =SUM(L28-K28) -> 189.48 | N28: =O27 -> 138760.32 | O28: 139382.16 | P28: =SUM(O28-N28-V28) -> 446.4 | Q28: =R27 -> 106996.8 | R28: 107390 | S28: =SUM(R28-Q28) -> 393.2 | T28: =U27 -> 21376.76 | U28: 21552.2 | V28: =SUM(U28-T28) -> 175.44 | W28: =X27 -> 56490.04 | X28: 56632.23 | Y28: =SUM(X28-W28) -> 142.19 | Z28: =AA27 -> 31262.03 | AA28: 31335.92 | AB28: =SUM(AA28-Z28) -> 73.89 | AF28: =SUM(AB28+Y28+V28+S28+P28+M28+J28+D28+G28) -> 5570.31 | AG28: =AH27 -> 1418061.2 | AH28: 1423875.3 | AI28: =SUM(AH28-AG28) -> 5814.09 | AJ28: =SUM(AI28-AF28) -> 243.78
A29: 45159 | B29: =C28 -> 750966.43 | C29: 754110.5 | D29: =SUM(C29-B29) -> 3144.07 | E29: =F28 -> 17.77 | F29: 21.77 | G29: =SUM(F29-E29) -> 4 | H29: =I28 -> 217246.4 | I29: 218729.28 | J29: =SUM(I29-H29) -> 1482.88 | K29: =L28 -> 78659.68 | L29: 78956.56 | M29: =SUM(L29-K29) -> 296.88 | N29: =O28 -> 139382.16 | O29: 140101.84 | P29: =SUM(O29-N29-V29) -> 560.52 | Q29: =R28 -> 107390 | R29: 107741.36 | S29: =SUM(R29-Q29) -> 351.36 | T29: =U28 -> 21552.2 | U29: 21711.36 | V29: =SUM(U29-T29) -> 159.16 | W29: =X28 -> 56632.23 | X29: 56880.8 | Y29: =SUM(X29-W29) -> 248.57 | Z29: =AA28 -> 31335.92 | AA29: 31412.4 | AB29: =SUM(AA29-Z29) -> 76.48 | AF29: =SUM(AB29+Y29+V29+S29+P29+M29+J29+D29+G29) -> 6323.92 | AG29: =AH28 -> 1423875.3 | AH29: 1430581.6 | AI29: =SUM(AH29-AG29) -> 6706.31 | AJ29: =SUM(AI29-AF29) -> 382.39
A30: 45160 | B30: =C29 -> 754110.5 | C30: 755913.99 | D30: =SUM(C30-B30) -> 1803.49 | E30: =F29 -> 21.77 | F30: 21.74 | G30: =SUM(F30-E30) -> -0.03 | H30: =I29 -> 218729.28 | I30: 219707.76 | J30: =SUM(I30-H30) -> 978.48 | K30: =L29 -> 78956.56 | L30: 79253.2 | M30: =SUM(L30-K30) -> 296.64 | N30: =O29 -> 140101.84 | O30: 140577.68 | P30: =SUM(O30-N30-V30) -> 339.88 | Q30: =R29 -> 107741.36 | R30: 107974 | S30: =SUM(R30-Q30) -> 232.64 | T30: =U29 -> 21711.36 | U30: 21847.32 | V30: =SUM(U30-T30) -> 135.96 | W30: =X29 -> 56880.8 | X30: 57048.63 | Y30: =SUM(X30-W30) -> 167.83 | Z30: =AA29 -> 31412.4 | AA30: 31491.88 | AB30: =SUM(AA30-Z30) -> 79.48 | AF30: =SUM(AB30+Y30+V30+S30+P30+M30+J30+D30+G30) -> 4034.37 | AG30: =AH29 -> 1430581.6 | AH30: 1434900.3 | AI30: =SUM(AH30-AG30) -> 4318.7 | AJ30: =SUM(AI30-AF30) -> 284.33
A31: 45161 | B31: =C30 -> 755913.99 | C31: 758968.9 | D31: =SUM(C31-B31) -> 3054.91 | E31: =F30 -> 21.74 | F31: 23.2 | G31: =SUM(F31-E31) -> 1.46 | H31: =I30 -> 219707.76 | I31: 220507.9 | J31: =SUM(I31-H31) -> 800.14 | K31: =L30 -> 79253.2 | L31: 79486.94 | M31: =SUM(L31-K31) -> 233.74 | N31: =O30 -> 140577.68 | O31: 141151.84 | P31: =SUM(O31-N31-V31) -> 393.6 | Q31: =R30 -> 107974 | R31: 108341.6 | S31: =SUM(R31-Q31) -> 367.6 | T31: =U30 -> 21847.32 | U31: 22027.88 | V31: =SUM(U31-T31) -> 180.56 | W31: =X30 -> 57048.63 | X31: 57201.35 | Y31: =SUM(X31-W31) -> 152.72 | Z31: =AA30 -> 31491.88 | AA31: 31569.4 | AB31: =SUM(AA31-Z31) -> 77.52 | AF31: =SUM(AB31+Y31+V31+S31+P31+M31+J31+D31+G31) -> 5262.25 | AG31: =AH30 -> 1434900.3 | AH31: 1440478 | AI31: =SUM(AH31-AG31) -> 5577.7 | AJ31: =SUM(AI31-AF31) -> 315.45
A32: 45162 | B32: =C31 -> 758968.9 | C32: 761812.91 | D32: =SUM(C32-B32) -> 2844.01 | E32: =F31 -> 23.2 | F32: 24.08 | G32: =SUM(F32-E32) -> 0.88 | H32: =I31 -> 220507.9 | I32: 221305.26 | J32: =SUM(I32-H32) -> 797.36 | K32: =L31 -> 79486.94 | L32: 80007.08 | M32: =SUM(L32-K32) -> 520.14 | N32: =O31 -> 141151.84 | O32: 141711.52 | P32: =SUM(O32-N32-V32) -> 373.48 | Q32: =R31 -> 108341.6 | R32: 108740.72 | S32: =SUM(R32-Q32) -> 399.12 | T32: =U31 -> 22027.88 | U32: 22214.08 | V32: =SUM(U32-T32) -> 186.2 | W32: =X31 -> 57201.35 | X32: 57343.22 | Y32: =SUM(X32-W32) -> 141.87 | Z32: =AA31 -> 31569.4 | AA32: 31660.01 | AB32: =SUM(AA32-Z32) -> 90.61 | AF32: =SUM(AB32+Y32+V32+S32+P32+M32+J32+D32+G32) -> 5353.67 | AG32: =AH31 -> 1440478 | AH32: 1446106.5 | AI32: =SUM(AH32-AG32) -> 5628.5 | AJ32: =SUM(AI32-AF32) -> 274.83
A33: 45163 | B33: =C32 -> 761812.91 | C33: 764600 | D33: =SUM(C33-B33) -> 2787.09 | E33: =F32 -> 24.08 | F33: 24.96 | G33: =SUM(F33-E33) -> 0.88 | H33: =I32 -> 221305.26 | I33: 222381.48 | J33: =SUM(I33-H33) -> 1076.22 | K33: =L32 -> 80007.08 | L33: 80214.16 | M33: =SUM(L33-K33) -> 207.08 | N33: =O32 -> 141711.52 | O33: 142260.1 | P33: =SUM(O33-N33-V33) -> 372.46 | Q33: =R32 -> 108740.72 | R33: 109053.68 | S33: =SUM(R33-Q33) -> 312.96 | T33: =U32 -> 22214.08 | U33: 22390.2 | V33: =SUM(U33-T33) -> 176.12 | W33: =X32 -> 57343.22 | X33: 57512.48 | Y33: =SUM(X33-W33) -> 169.26 | Z33: =AA32 -> 31660.01 | AA33: 31727.85 | AB33: =SUM(AA33-Z33) -> 67.84 | AF33: =SUM(AB33+Y33+V33+S33+P33+M33+J33+D33+G33) -> 5169.91 | AG33: =AH32 -> 1446106.5 | AH33: 1451483 | AI33: =SUM(AH33-AG33) -> 5376.5 | AJ33: =SUM(AI33-AF33) -> 206.59
A34: 45164 | B34: =C33 -> 764600 | C34: 767559.23 | D34: =SUM(C34-B34) -> 2959.23 | E34: =F33 -> 24.96 | F34: 25.92 | G34: =SUM(F34-E34) -> 0.96 | H34: =I33 -> 222381.48 | I34: 223386.08 | J34: =SUM(I34-H34) -> 1004.6 | K34: =L33 -> 80214.16 | L34: 80437.84 | M34: =SUM(L34-K34) -> 223.68 | N34: =O33 -> 142260.1 | O34: 142797.4 | P34: =SUM(O34-N34-V34) -> 362.5 | Q34: =R33 -> 109053.68 | R34: 109408.6 | S34: =SUM(R34-Q34) -> 354.92 | T34: =U33 -> 22390.2 | U34: 22565 | V34: =SUM(U34-T34) -> 174.8 | W34: =X33 -> 57512.48 | X34: 57685.09 | Y34: =SUM(X34-W34) -> 172.61 | Z34: =AA33 -> 31727.85 | AA34: 31836.38 | AB34: =SUM(AA34-Z34) -> 108.53 | AF34: =SUM(AB34+Y34+V34+S34+P34+M34+J34+D34+G34) -> 5361.83 | AG34: =AH33 -> 1451483 | AH34: 1457186.4 | AI34: =SUM(AH34-AG34) -> 5703.4 | AJ34: =SUM(AI34-AF34) -> 341.57
A35: 45165 | B35: =C34 -> 767559.23 | C35: 770812.38 | D35: =SUM(C35-B35) -> 3253.15 | E35: =F34 -> 25.92 | F35: 26.75 | G35: =SUM(F35-E35) -> 0.83 | H35: =I34 -> 223386.08 | I35: 224513.84 | J35: =SUM(I35-H35) -> 1127.76 | K35: =L34 -> 80437.84 | L35: 80747.56 | M35: =SUM(L35-K35) -> 309.72 | N35: =O34 -> 142797.4 | O35: 143350.2 | P35: =SUM(O35-N35-V35) -> 383.88 | Q35: =R34 -> 109408.6 | R35: 109786.4 | S35: =SUM(R35-Q35) -> 377.8 | T35: =U34 -> 22565 | U35: 22733.92 | V35: =SUM(U35-T35) -> 168.92 | W35: =X34 -> 57685.09 | X35: 57831.45 | Y35: =SUM(X35-W35) -> 146.36 | Z35: =AA34 -> 31836.38 | AA35: 31907.75 | AB35: =SUM(AA35-Z35) -> 71.37 | AF35: =SUM(AB35+Y35+V35+S35+P35+M35+J35+D35+G35) -> 5839.79 | AG35: =AH34 -> 1457186.4 | AH35: 1463253.9 | AI35: =SUM(AH35-AG35) -> 6067.5 | AJ35: =SUM(AI35-AF35) -> 227.71
A36: 45166 | B36: =C35 -> 770812.38 | C36: 775708.1 | D36: =SUM(C36-B36) -> 4895.72 | E36: =F35 -> 26.75 | F36: 27.61 | G36: =SUM(F36-E36) -> 0.86 | H36: =I35 -> 224513.84 | I36: 226221.6 | J36: =SUM(I36-H36) -> 1707.76 | K36: =L35 -> 80747.56 | L36: 81118.32 | M36: =SUM(L36-K36) -> 370.76 | N36: =O35 -> 143350.2 | O36: 144186.16 | P36: =SUM(O36-N36-V36) -> 590.48 | Q36: =R35 -> 109786.4 | R36: 110330.96 | S36: =SUM(R36-Q36) -> 544.56 | T36: =U35 -> 22733.92 | U36: 22979.4 | V36: =SUM(U36-T36) -> 245.48 | W36: =X35 -> 57831.45 | X36: 58004 | Y36: =SUM(X36-W36) -> 172.55 | Z36: =AA35 -> 31907.75 | AA36: 32016.1 | AB36: =SUM(AA36-Z36) -> 108.35 | AF36: =SUM(AB36+Y36+V36+S36+P36+M36+J36+D36+G36) -> 8636.52 | AG36: =AH35 -> 1463253.9 | AH36: 1472323 | AI36: =SUM(AH36-AG36) -> 9069.1 | AJ36: =SUM(AI36-AF36) -> 432.58
A37: 45167 | B37: =C36 -> 775708.1 | C37: 779805.19 | D37: =SUM(C37-B37) -> 4097.09 | E37: =F36 -> 27.61 | F37: 28.47 | G37: =SUM(F37-E37) -> 0.86 | H37: =I36 -> 226221.6 | I37: 227889.2 | J37: =SUM(I37-H37) -> 1667.6 | K37: =L36 -> 81118.32 | L37: 81405.64 | M37: =SUM(L37-K37) -> 287.32 | N37: =O36 -> 144186.16 | O37: 144979.92 | P37: =SUM(O37-N37-V37) -> 556.6 | Q37: =R36 -> 110330.96 | R37: 110831.6 | S37: =SUM(R37-Q37) -> 500.64 | T37: =U36 -> 22979.4 | U37: 23216.56 | V37: =SUM(U37-T37) -> 237.16 | W37: 58004 | X37: 58229.57 | Y37: =SUM(X37-W37) -> 225.57 | Z37: =AA36 -> 32016.1 | AA37: 32118.82 | AB37: =SUM(AA37-Z37) -> 102.72 | AC37: 227.433 | AD37: 587.283 | AE37: =SUM(AD37-AC37) -> 359.85 | AF37: =SUM(AB37+Y37+V37+S37+P37+M37+J37+D37+G37+360) -> 8035.56 | AG37: =AH36 -> 1472323 | AH37: 1480361.4 | AI37: =SUM(AH37-AG37) -> 8038.4 | AJ37: =SUM(AI37-AF37) -> 2.84
A38: 45168 | B38: =C37 -> 779805.19 | C38: 784472 | D38: =SUM(C38-B38) -> 4666.81 | E38: =F37 -> 28.47 | F38: 29.31 | G38: =SUM(F38-E38) -> 0.84 | H38: =I37 -> 227889.2 | I38: 229568.5 | J38: =SUM(I38-H38) -> 1679.3 | K38: =L37 -> 81405.64 | L38: 81723.76 | M38: =SUM(L38-K38) -> 318.12 | N38: =O37 -> 144979.92 | O38: 145830.48 | P38: =SUM(O38-N38-V38) -> 595.84 | Q38: =R37 -> 110831.6 | R38: 111364 | S38: =SUM(R38-Q38) -> 532.4 | T38: =U37 -> 23216.56 | U38: 23471.28 | V38: =SUM(U38-T38) -> 254.72 | W38: =X37 -> 58229.57 | X38: 58428.6 | Y38: =SUM(X38-W38) -> 199.03 | Z38: =AA37 -> 32118.82 | AA38: 32212.6 | AB38: =SUM(AA38-Z38) -> 93.78 | AC38: =AD37 -> 587.283 | AD38: 990.4 | AE38: =SUM(AD38-AC38) -> 403.117 | AF38: =SUM(AB38+Y38+V38+S38+P38+M38+J38+D38+G38+403) -> 8743.84 | AG38: =AH37 -> 1480361.4 | AH38: 1489108.9 | AI38: =SUM(AH38-AG38) -> 8747.5 | AJ38: =SUM(AI38-AF38) -> 3.66
A39: 45169 | B39: =C38 -> 784472 | C39: 789301.92 | D39: =SUM(C39-B39) -> 4829.92 | E39: =F38 -> 29.31 | F39: 31.35 | G39: =SUM(F39-E39) -> 2.04 | H39: =I38 -> 229568.5 | I39: 231264.69 | J39: =SUM(I39-H39) -> 1696.19 | K39: =L38 -> 81723.76 | L39: 82274.76 | M39: =SUM(L39-K39) -> 551 | N39: =O38 -> 145830.48 | O39: 146672.8 | P39: =SUM(O39-N39-V39) -> 592.84 | Q39: =R38 -> 111364 | R39: 111884.64 | S39: =SUM(R39-Q39) -> 520.64 | T39: =U38 -> 23471.28 | U39: 23720.76 | V39: =SUM(U39-T39) -> 249.48 | W39: =X38 -> 58428.6 | X39: 58638.5 | Y39: =SUM(X39-W39) -> 209.9 | Z39: =AA38 -> 32212.6 | AA39: 32343.8 | AB39: =SUM(AA39-Z39) -> 131.2 | AC39: =AD38 -> 990.4 | AD39: 1398 | AE39: =SUM(AD39-AC39) -> 407.6 | AF39: =SUM(AB39+Y39+V39+S39+P39+M39+J39+D39+G39+408) -> 9191.21 | AG39: =AH38 -> 1489108.9 | AH39: 1498305.8 | AI39: =SUM(AH39-AG39) -> 9196.9 | AJ39: =SUM(AI39-AF39) -> 5.69
D40: =SUM(D8:D39) -> 102181.42 | G40: =SUM(G9:G39) -> 27.27 | J40: =SUM(J9:J39) -> 34952.85 | M40: =SUM(M9:M39) -> 9490.32 | P40: =SUM(P9:P39) -> 13477.36 | S40: =SUM(S9:S39) -> 12152 | V40: =SUM(V9:V39) -> 5993.24 | Y40: =SUM(Y9:Y39) -> 5838.5 | AB40: =SUM(AB9:AB39) -> 3029 | AE40: =SUM(AE9:AE39) -> 1170.567 | AI40: =SUM(AI9:AI39) -> 196985.6

Sheet Sep 2023
A2: FOR THE MONTH OF SEPTEMBER 2023
A4: DATE | B4: KWH REPORT FIBER BLEACHING
B6: BUSWAY 1 (PRE AND POST BLOW ROOM + DRYER +BLEACHING MACHINES+ STAMP PRESS+ CAKE OPENOR+ CENTRIFUGE+ BALE PRESS) | E6: BUSWAY 2 | H6: MCC 1 (EXHAUST FAN+ FA FAN+ DRYER FAN+ SUBMERSIBLE PUMP +RECYCLE PUMP) | K6: MCC 2 (FA FAN +EXHAUST FAN CHEMICAL AREA+CAUSTIC FEED PUMP+WASTE WATER PUMP) | N6: MCC 3 (COMPRESSOR +FA FAN+ EXHAUST FAN)+BOILER | Q6: MCC 4 (SOFTENING PUMP+UV PUMP+FEED PUMP+ CAUSTIC PUMP+RAW WATER PUMP+ CHEMICAL AREA) | T6: MCC 5 (BOILER) | W6: LPDB 1 (PHASE 1 AND 2 LIGHTENING LOAD) | Z6: LPDB 2 (PRE BLOW ROOM LIGHTENING LOAD) | AC6: LPDB OFFICE
B7: Opening | C7: Closing | D7: Total Units Kwh / d | E7: Opening | F7: Closing | G7: Total Units Kwh / d | H7: Opening | I7: Closing | J7: Total Units Kwh / d | K7: Opening | L7: Closing | M7: Total Units Kwh / d | N7: Opening | O7: Closing | P7: Total Units Kwh / d | Q7: Opening | R7: Closing | S7: Total Units Kwh / d | T7: Opening | U7: Closing | V7: Total Units Kwh / d | W7: Opening | X7: Closing | Y7: Total Units Kwh / d | Z7: Opening | AA7: Closing | AB7: Total Units Kwh / d | AC7: Opening | AD7: Closing | AE7: Total Units Kwh / d | AF7: TOTAL CONSUMED | AG7: MAIN INCOMING | AJ7: Dif b/t main LT and consum
AG8: Opening | AH8: Closing | AI8: Total Units Kwh / d
A9: 45170 | B9: 789301.92 | C9: 793694.92 | D9: =SUM(C9-B9) -> 4393 | E9: 31.35 | F9: 32.19 | G9: =SUM(F9-E9) -> 0.84 | H9: 231264.69 | I9: 232756.4 | J9: =SUM(I9-H9) -> 1491.71 | K9: 82274.76 | L9: 82945.12 | M9: =SUM(L9-K9) -> 670.36 | N9: 146672.8 | O9: 147390.32 | P9: =SUM(O9-N9-V9) -> 489.8 | Q9: 111884.64 | R9: 112346.32 | S9: =SUM(R9-Q9) -> 461.68 | T9: 23720.76 | U9: 23948.48 | V9: =SUM(U9-T9) -> 227.72 | W9: 58638.5 | X9: 58812.71 | Y9: =SUM(X9-W9) -> 174.21 | Z9: 32343.8 | AA9: 32466.9 | AB9: =SUM(AA9-Z9) -> 123.1 | AC9: 1398 | AD9: 1690 | AE9: =SUM(AD9-AC9) -> 292 | AF9: =SUM(AB9+Y9+V9+S9+P9+M9+J9+D9+AE9) -> 8323.58 | AG9: 1498305.8 | AH9: 1506633.5 | AI9: =SUM(AH9-AG9) -> 8327.72 | AJ9: =SUM(AI9-AF9) -> 4.14
A10: 45171 | B10: =C9 -> 793694.92 | C10: 798264.3 | D10: =SUM(C10-B10) -> 4569.38 | E10: =F9 -> 32.19 | F10: 33.04 | G10: =SUM(F10-E10) -> 0.85 | H10: =I9 -> 232756.4 | I10: 234263.68 | J10: =SUM(I10-H10) -> 1507.28 | K10: =L9 -> 82945.12 | L10: 83447.88 | M10: =SUM(L10-K10) -> 502.76 | N10: =O9 -> 147390.32 | O10: 148137.2 | P10: =SUM(O10-N10-V10) -> 502.72 | Q10: =R9 -> 112346.32 | R10: 112881.92 | S10: =SUM(R10-Q10) -> 535.6 | T10: =U9 -> 23948.48 | U10: 24192.64 | V10: =SUM(U10-T10) -> 244.16 | W10: =X9 -> 58812.71 | X10: 58973.49 | Y10: =SUM(X10-W10) -> 160.78 | Z10: =AA9 -> 32466.9 | AA10: 32594.8 | AB10: =SUM(AA10-Z10) -> 127.9 | AC10: =AD9 -> 1690 | AD10: 1990 | AE10: =SUM(AD10-AC10) -> 300 | AF10: =SUM(AB10+Y10+V10+S10+P10+M10+J10+D10+AE10) -> 8450.58 | AG10: =AH9 -> 1506633.5 | AH10: 1515129.2 | AI10: =SUM(AH10-AG10) -> 8495.68 | AJ10: =SUM(AI10-AF10) -> 45.1
A11: 45172 | B11: =C10 -> 798264.3 | C11: 802312.8 | D11: =SUM(C11-B11) -> 4048.5 | E11: =F10 -> 33.04 | F11: 34.19 | G11: =SUM(F11-E11) -> 1.15 | H11: =I10 -> 234263.68 | I11: 235933.6 | J11: =SUM(I11-H11) -> 1669.92 | K11: =L10 -> 83447.88 | L11: 83913.36 | M11: =SUM(L11-K11) -> 465.48 | N11: =O10 -> 148137.2 | O11: 148852.56 | P11: =SUM(O11-N11-V11) -> 500.68 | Q11: =R10 -> 112881.92 | R11: 113296.96 | S11: =SUM(R11-Q11) -> 415.04 | T11: =U10 -> 24192.64 | U11: 24407.32 | V11: =SUM(U11-T11) -> 214.68 | W11: =X10 -> 58973.49 | X11: 59157.5 | Y11: =SUM(X11-W11) -> 184.01 | Z11: =AA10 -> 32594.8 | AA11: 32715.53 | AB11: =SUM(AA11-Z11) -> 120.73 | AC11: =AD10 -> 1990 | AD11: 2212 | AE11: =SUM(AD11-AC11) -> 222 | AF11: =SUM(AB11+Y11+V11+S11+P11+M11+J11+D11+AE11) -> 7841.04 | AG11: =AH10 -> 1515129.2 | AH11: 1523003.8 | AI11: =SUM(AH11-AG11) -> 7874.6 | AJ11: =SUM(AI11-AF11) -> 33.56
A12: 45173 | B12: =C11 -> 802312.8 | C12: 807593.9 | D12: =SUM(C12-B12) -> 5281.1 | E12: =F11 -> 34.19 | F12: 35.36 | G12: =SUM(F12-E12) -> 1.17 | H12: =I11 -> 235933.6 | I12: 237601 | J12: =SUM(I12-H12) -> 1667.4 | K12: 83913.36 | L12: 84640.72 | M12: =SUM(L12-K12) -> 727.36 | N12: =O11 -> 148852.56 | O12: 149600.8 | P12: =SUM(O12-N12-V12) -> 500.76 | Q12: =R11 -> 113296.96 | R12: 113811.84 | S12: =SUM(R12-Q12) -> 514.88 | T12: =U11 -> 24407.32 | U12: 24654.8 | V12: =SUM(U12-T12) -> 247.48 | W12: =X11 -> 59157.5 | X12: 59408.2 | Y12: =SUM(X12-W12) -> 250.7 | Z12: =AA11 -> 32715.53 | AA12: 32844.13 | AB12: =SUM(AA12-Z12) -> 128.6 | AC12: =AD11 -> 2212 | AD12: 2538 | AE12: =SUM(AD12-AC12) -> 326 | AF12: =SUM(AB12+Y12+V12+S12+P12+M12+J12+D12+AE12) -> 9644.28 | AG12: =AH11 -> 1523003.8 | AH12: 1532758 | AI12: =SUM(AH12-AG12) -> 9754.2 | AJ12: =SUM(AI12-AF12) -> 109.92
A13: 45174 | B13: =C12 -> 807593.9 | C13: 812671.99 | D13: =SUM(C13-B13) -> 5078.09 | E13: =F12 -> 35.36 | F13: 52.41 | G13: =SUM(F13-E13) -> 17.05 | H13: =I12 -> 237601 | I13: 239280.72 | J13: =SUM(I13-H13) -> 1679.72 | K13: =L12 -> 84640.72 | L13: 85334.52 | M13: =SUM(L13-K13) -> 693.8 | N13: =O12 -> 149600.8 | O13: 150408.4 | P13: =SUM(O13-N13-V13) -> 544 | Q13: =R12 -> 113811.84 | R13: 114309.1 | S13: =SUM(R13-Q13) -> 497.26 | T13: =U12 -> 24654.8 | U13: 24918.4 | V13: =SUM(U13-T13) -> 263.6 | W13: =X12 -> 59408.2 | X13: 59647.96 | Y13: =SUM(X13-W13) -> 239.76 | Z13: =AA12 -> 32844.13 | AA13: 32968.52 | AB13: =SUM(AA13-Z13) -> 124.39 | AC13: =AD12 -> 2538 | AD13: 2916 | AE13: =SUM(AD13-AC13) -> 378 | AF13: =SUM(AB13+Y13+V13+S13+P13+M13+J13+D13+AE13) -> 9498.62 | AG13: =AH12 -> 1532758 | AH13: 1542311.3 | AI13: =SUM(AH13-AG13) -> 9553.27 | AJ13: =SUM(AI13-AF13) -> 54.65
A14: 45175 | B14: =C13 -> 812671.99 | C14: 817712.19 | D14: =SUM(C14-B14) -> 5040.2 | E14: =F13 -> 52.41 | F14: 77.95 | G14: =SUM(F14-E14) -> 25.54 | H14: =I13 -> 239280.72 | I14: 240872.08 | J14: =SUM(I14-H14) -> 1591.36 | K14: =L13 -> 85334.52 | L14: 85788.52 | M14: =SUM(L14-K14) -> 454 | N14: =O13 -> 150408.4 | O14: 151248.4 | P14: =SUM(O14-N14-V14) -> 573.92 | Q14: =R13 -> 114309.1 | R14: 114786.48 | S14: =SUM(R14-Q14) -> 477.38 | T14: =U13 -> 24918.4 | U14: 25184.48 | V14: =SUM(U14-T14) -> 266.08 | W14: =X13 -> 59647.96 | X14: 59909.87 | Y14: =SUM(X14-W14) -> 261.91 | Z14: =AA13 -> 32968.52 | AA14: 33109.56 | AB14: =SUM(AA14-Z14) -> 141.04 | AC14: =AD13 -> 2916 | AD14: 3244 | AE14: =SUM(AD14-AC14) -> 328 | AF14: =SUM(AB14+Y14+V14+S14+P14+M14+J14+D14+AE14) -> 9133.89 | AG14: =AH13 -> 1542311.3 | AH14: 1551503.9 | AI14: =SUM(AH14-AG14) -> 9192.59 | AJ14: =SUM(AI14-AF14) -> 58.7
A15: 45176 | B15: =C14 -> 817712.19 | C15: 822654.63 | D15: =SUM(C15-B15) -> 4942.44 | E15: =F14 -> 77.95 | F15: 103.89 | G15: =SUM(F15-E15) -> 25.94 | H15: =I14 -> 240872.08 | I15: 242550.72 | J15: =SUM(I15-H15) -> 1678.64 | K15: =L14 -> 85788.52 | L15: 86688.44 | M15: =SUM(L15-K15) -> 899.92 | N15: =O14 -> 151248.4 | O15: 152065.6 | P15: =SUM(O15-N15-V15) -> 563.16 | Q15: 114786.48 | R15: 115284.72 | S15: =SUM(R15-Q15) -> 498.24 | T15: =U14 -> 25184.48 | U15: 25438.52 | V15: =SUM(U15-T15) -> 254.04 | W15: =X14 -> 59909.87 | X15: 60160.75 | Y15: =SUM(X15-W15) -> 250.88 | Z15: =AA14 -> 33109.56 | AA15: 33235.91 | AB15: =SUM(AA15-Z15) -> 126.35 | AC15: =AD14 -> 3244 | AD15: 3623 | AE15: =SUM(AD15-AC15) -> 379 | AF15: =SUM(AB15+Y15+V15+S15+P15+M15+J15+D15+AE15) -> 9592.67 | AG15: =AH14 -> 1551503.9 | AH15: 1561160.7 | AI15: =SUM(AH15-AG15) -> 9656.87 | AJ15: =SUM(AI15-AF15) -> 64.2
A16: 45177 | B16: =C15 -> 822654.63 | C16: 827629.49 | D16: =SUM(C16-B16) -> 4974.86 | E16: =F15 -> 103.89 | F16: 131.27 | G16: =SUM(F16-E16) -> 27.38 | H16: =I15 -> 242550.72 | I16: 244234.64 | J16: =SUM(I16-H16) -> 1683.92 | K16: =L15 -> 86688.44 | L16: 87375.64 | M16: =SUM(L16-K16) -> 687.2 | N16: =O15 -> 152065.6 | O16: 152896.08 | P16: =SUM(O16-N16-V16) -> 572.24 | Q16: =R15 -> 115284.72 | R16: 115774.96 | S16: =SUM(R16-Q16) -> 490.24 | T16: =U15 -> 25438.52 | U16: 25696.76 | V16: =SUM(U16-T16) -> 258.24 | W16: =X15 -> 60160.75 | X16: 60422.16 | Y16: =SUM(X16-W16) -> 261.41 | Z16: =AA15 -> 33235.91 | AA16: 33361.78 | AB16: =SUM(AA16-Z16) -> 125.87 | AC16: =AD15 -> 3623 | AD16: 3980 | AE16: =SUM(AD16-AC16) -> 357 | AF16: =SUM(AB16+Y16+V16+S16+P16+M16+J16+D16+AE16) -> 9410.98 | AG16: =AH15 -> 1561160.7 | AH16: 1570632.7 | AI16: =SUM(AH16-AG16) -> 9471.97 | AJ16: =SUM(AI16-AF16) -> 60.99
A17: 45178 | B17: =C16 -> 827629.49 | C17: 832696.09 | D17: =SUM(C17-B17) -> 5066.6 | E17: =F16 -> 131.27 | F17: 156.99 | G17: =SUM(F17-E17) -> 25.72 | H17: =I16 -> 244234.64 | I17: 245746.32 | J17: =SUM(I17-H17) -> 1511.68 | K17: =L16 -> 87375.64 | L17: 87909.08 | M17: =SUM(L17-K17) -> 533.44 | N17: =O16 -> 152896.08 | O17: 153611.68 | P17: =SUM(O17-N17-V17) -> 467.48 | Q17: =R16 -> 115774.96 | R17: 116264.56 | S17: =SUM(R17-Q17) -> 489.6 | T17: =U16 -> 25696.76 | U17: 25944.88 | V17: =SUM(U17-T17) -> 248.12 | W17: =X16 -> 60422.16 | X17: 60683.5 | Y17: =SUM(X17-W17) -> 261.34 | Z17: =AA16 -> 33361.78 | AA17: 33486.48 | AB17: =SUM(AA17-Z17) -> 124.7 | AC17: =AD16 -> 3980 | AD17: 4340 | AE17: =SUM(AD17-AC17) -> 360 | AF17: =SUM(AB17+Y17+V17+S17+P17+M17+J17+D17+AE17) -> 9062.96 | AG17: =AH16 -> 1570632.7 | AH17: 1579842.1 | AI17: =SUM(AH17-AG17) -> 9209.39 | AJ17: =SUM(AI17-AF17) -> 146.43
A18: 45179 | B18: =C17 -> 832696.09 | C18: 837655.14 | D18: =SUM(C18-B18) -> 4959.05 | E18: =F17 -> 156.99 | F18: 182.46 | G18: =SUM(F18-E18) -> 25.47 | H18: =I17 -> 245746.32 | I18: 247260.71 | J18: =SUM(I18-H18) -> 1514.39 | K18: =L17 -> 87909.08 | L18: 88443.083 | M18: =SUM(L18-K18) -> 534.003 | N18: =O17 -> 153611.68 | O18: 154591.62 | P18: 690 | Q18: =R17 -> 116264.56 | R18: 116728.56 | S18: =SUM(R18-Q18) -> 464 | T18: =U17 -> 25944.88 | U18: 26190.52 | V18: =SUM(U18-T18) -> 245.64 | W18: =X17 -> 60683.5 | X18: 60945.28 | Y18: =SUM(X18-W18) -> 261.78 | Z18: =AA17 -> 33486.48 | AA18: 33612.4 | AB18: =SUM(AA18-Z18) -> 125.92 | AC18: =AD17 -> 4340 | AD18: 4628 | AE18: =SUM(AD18-AC18) -> 288 | AF18: =SUM(AB18+Y18+V18+S18+P18+M18+J18+D18+AE18) -> 9082.783 | AG18: =AH17 -> 1579842.1 | AH18: 1588932.2 | AI18: =SUM(AH18-AG18) -> 9090.16 | AJ18: =SUM(AI18-AF18) -> 7.377
A19: 45180 | B19: =C18 -> 837655.14 | C19: 841995.16 | D19: =SUM(C19-B19) -> 4340.02 | E19: =F18 -> 182.46 | F19: 205.85 | G19: =SUM(F19-E19) -> 23.39 | H19: =I18 -> 247260.71 | I19: 248797.92 | J19: =SUM(I19-H19) -> 1537.21 | K19: =L18 -> 88443.083 | L19: 89035.12 | M19: =SUM(L19-K19) -> 592.037 | N19: =O18 -> 154591.62 | O19: 155428.24 | P19: =SUM(O19-N19-V19) -> 615.42 | Q19: =R18 -> 116728.56 | R19: 117084.32 | S19: =SUM(R19-Q19) -> 355.76 | T19: =U18 -> 26190.52 | U19: 26411.72 | V19: =SUM(U19-T19) -> 221.2 | W19: =X18 -> 60945.28 | X19: 61209.35 | Y19: =SUM(X19-W19) -> 264.07 | Z19: =AA18 -> 33612.4 | AA19: 33732.63 | AB19: =SUM(AA19-Z19) -> 120.23 | AC19: =AD18 -> 4628 | AD19: 4972 | AE19: =SUM(AD19-AC19) -> 344 | AF19: =SUM(AB19+Y19+V19+S19+P19+M19+J19+D19+AE19) -> 8389.947 | AG19: =AH18 -> 1588932.2 | AH19: 1597382 | AI19: =SUM(AH19-AG19) -> 8449.78 | AJ19: =SUM(AI19-AF19) -> 59.833
A20: 45181 | B20: =C19 -> 841995.16 | C20: 847116.91 | D20: =SUM(C20-B20) -> 5121.75 | E20: =F19 -> 205.85 | F20: 230.55 | G20: =SUM(F20-E20) -> 24.7 | H20: =I19 -> 248797.92 | I20: 250285.75 | J20: =SUM(I20-H20) -> 1487.83 | K20: =L19 -> 89035.12 | L20: 89719.56 | M20: =SUM(L20-K20) -> 684.44 | N20: =O19 -> 155428.24 | O20: 156328.64 | P20: =SUM(O20-N20-V20) -> 659.2 | Q20: =R19 -> 117084.32 | R20: 117516.72 | S20: =SUM(R20-Q20) -> 432.4 | T20: =U19 -> 26411.72 | U20: 26652.92 | V20: =SUM(U20-T20) -> 241.2 | W20: =X19 -> 61209.35 | X20: 61458.4 | Y20: =SUM(X20-W20) -> 249.05 | Z20: =AA19 -> 33732.63 | AA20: 33826.04 | AB20: =SUM(AA20-Z20) -> 93.41 | AC20: =AD19 -> 4972 | AD20: 5307 | AE20: =SUM(AD20-AC20) -> 335 | AF20: =SUM(AB20+Y20+V20+S20+P20+M20+J20+D20+G20) -> 8993.98 | AG20: =AH19 -> 1597382 | AH20: 1606763.2 | AI20: =SUM(AH20-AG20) -> 9381.21 | AJ20: 55
A21: 45182 | B21: =C20 -> 847116.91 | C21: 852553.77 | D21: =SUM(C21-B21) -> 5436.86 | E21: 230.55 | F21: 261.39 | G21: =SUM(F21-E21) -> 30.84 | H21: =I20 -> 250285.75 | I21: 251968.64 | J21: =SUM(I21-H21) -> 1682.89 | K21: =L20 -> 89719.56 | L21: 90762.36 | M21: =SUM(L21-K21) -> 1042.8 | N21: =O20 -> 156328.64 | O21: 157150.16 | P21: =SUM(O21-N21-V21) -> 476.44 | Q21: =R20 -> 117516.72 | R21: 118001.68 | S21: =SUM(R21-Q21) -> 484.96 | T21: =U20 -> 26652.92 | U21: 26998 | V21: =SUM(U21-T21) -> 345.08 | W21: =X20 -> 61458.4 | X21: 61696.4 | Y21: =SUM(X21-W21) -> 238 | Z21: =AA20 -> 33826.04 | AA21: 33940.5 | AB21: =SUM(AA21-Z21) -> 114.46 | AC21: =AD20 -> 5307 | AD21: 5807 | AE21: =SUM(AD21-AC21) -> 500 | AF21: =SUM(AB21+Y21+V21+S21+P21+M21+J21+D21+G21) -> 9852.33 | AG21: =AH20 -> 1606763.2 | AH21: 1616898.6 | AI21: =SUM(AH21-AG21) -> 10135.41 | AJ21: 50
A22: 45183 | B22: =C21 -> 852553.77 | C22: 857905.2 | D22: =SUM(C22-B22) -> 5351.43 | E22: =F21 -> 261.39 | F22: 298.6 | G22: =SUM(F22-E22) -> 37.21 | H22: =I21 -> 251968.64 | I22: 253705.92 | J22: =SUM(I22-H22) -> 1737.28 | K22: =L21 -> 90762.36 | L22: 91264.92 | M22: =SUM(L22-K22) -> 502.56 | N22: =O21 -> 157150.16 | O22: 158150 | P22: =SUM(O22-N22-V22) -> 845.2 | Q22: =R21 -> 118001.68 | R22: 118528 | S22: =SUM(R22-Q22) -> 526.32 | T22: =U21 -> 26998 | U22: 27152.64 | V22: =SUM(U22-T22) -> 154.64 | W22: =X21 -> 61696.4 | X22: 61935.373 | Y22: =SUM(X22-W22) -> 238.973 | Z22: =AA21 -> 33940.5 | AA22: 34052.41 | AB22: =SUM(AA22-Z22) -> 111.91 | AC22: 5507 | AD22: 5904 | AE22: =SUM(AD22-AC22) -> 397 | AF22: =SUM(AB22+Y22+V22+S22+P22+M22+J22+D22+G22) -> 9505.523 | AG22: =AH21 -> 1616898.6 | AH22: 1626518.4 | AI22: =SUM(AH22-AG22) -> 9619.79 | AJ22: =SUM(AI22-AF22) -> 114.267
A23: 45184 | B23: =C22 -> 857905.2 | C23: 862783.9 | D23: =SUM(C23-B23) -> 4878.7 | E23: =F22 -> 298.6 | F23: 335.83 | G23: =SUM(F23-E23) -> 37.23 | H23: =I22 -> 253705.92 | I23: 255288.32 | J23: =SUM(I23-H23) -> 1582.4 | K23: =L22 -> 91264.92 | L23: 91940.36 | M23: =SUM(L23-K23) -> 675.44 | N23: =O22 -> 158150 | O23: 158771.84 | P23: =SUM(O23-N23-V23) -> 376.72 | Q23: =R22 -> 118528 | R23: 119005.6 | S23: =SUM(R23-Q23) -> 477.6 | T23: =U22 -> 27152.64 | U23: 27397.76 | V23: =SUM(U23-T23) -> 245.12 | W23: =X22 -> 61935.373 | X23: 62143.45 | Y23: =SUM(X23-W23) -> 208.077 | Z23: =AA22 -> 34052.41 | AA23: 34130.8 | AB23: =SUM(AA23-Z23) -> 78.39 | AC23: =AD22 -> 5904 | AD23: 6229 | AE23: =SUM(AD23-AC23) -> 325 | AF23: =SUM(AB23+Y23+V23+S23+P23+M23+J23+D23+G23+AE23) -> 8884.677 | AG23: =AH22 -> 1626518.4 | AH23: 1635667.8 | AI23: =SUM(AH23-AG23) -> 9149.36 | AJ23: =SUM(AI23-AF23) -> 264.683
A24: 45185 | B24: =C23 -> 862783.9 | C24: 867764.48 | D24: =SUM(C24-B24) -> 4980.58 | E24: =F23 -> 335.83 | F24: 379.54 | G24: =SUM(F24-E24) -> 43.71 | H24: =I23 -> 255288.32 | I24: 256951.6 | J24: =SUM(I24-H24) -> 1663.28 | K24: =L23 -> 91940.36 | L24: 92505.24 | M24: =SUM(L24-K24) -> 564.88 | N24: =O23 -> 158771.84 | O24: 159626.8 | P24: =SUM(O24-N24-V24) -> 613.2 | Q24: =R23 -> 119005.6 | R24: 119474.64 | S24: =SUM(R24-Q24) -> 469.04 | T24: =U23 -> 27397.76 | U24: 27639.52 | V24: =SUM(U24-T24) -> 241.76 | W24: =X23 -> 62143.45 | X24: 62389.45 | Y24: =SUM(X24-W24) -> 246 | Z24: =AA23 -> 34130.8 | AA24: 34224.21 | AB24: =SUM(AA24-Z24) -> 93.41 | AC24: =AD23 -> 6229 | AD24: 6543 | AE24: =SUM(AD24-AC24) -> 314 | AF24: =SUM(AB24+Y24+V24+S24+P24+M24+J24+D24+G24+AE24) -> 9229.86 | AG24: =AH23 -> 1635667.8 | AH24: 1645050.6 | AI24: =SUM(AH24-AG24) -> 9382.78 | AJ24: =SUM(AI24-AF24) -> 152.92
A25: 45186 | B25: =C24 -> 867764.48 | C25: 872495.95 | D25: =SUM(C25-B25) -> 4731.47 | E25: =F24 -> 379.54 | F25: 413.57 | G25: =SUM(F25-E25) -> 34.03 | H25: =I24 -> 256951.6 | I25: 258667.44 | J25: =SUM(I25-H25) -> 1715.84 | K25: =L24 -> 92505.24 | L25: 93002.08 | M25: =SUM(L25-K25) -> 496.84 | N25: =O24 -> 159626.8 | O25: 160463.84 | P25: =SUM(O25-N25-V25) -> 598.32 | Q25: =R24 -> 119474.64 | R25: 119960.8 | S25: =SUM(R25-Q25) -> 486.16 | T25: =U24 -> 27639.52 | U25: 27878.24 | V25: =SUM(U25-T25) -> 238.72 | W25: =X24 -> 62389.45 | X25: 62627.6 | Y25: =SUM(X25-W25) -> 238.15 | Z25: =AA24 -> 34224.21 | AA25: 34321.36 | AB25: =SUM(AA25-Z25) -> 97.15 | AC25: =AD24 -> 6543 | AD25: 6820 | AE25: =SUM(AD25-AC25) -> 277 | AF25: =SUM(AB25+Y25+V25+S25+P25+M25+J25+D25+G25+AE25) -> 8913.68 | AG25: =AH24 -> 1645050.6 | AH25: 1653972.7 | AI25: =SUM(AH25-AG25) -> 8922.1 | AJ25: =SUM(AI25-AF25) -> 8.42
A26: 45187 | B26: =C25 -> 872495.95 | C26: 877151.45 | D26: =SUM(C26-B26) -> 4655.5 | E26: =F25 -> 413.57 | F26: 466.69 | G26: =SUM(F26-E26) -> 53.12 | H26: =I25 -> 258667.44 | I26: 260277.6 | J26: =SUM(I26-H26) -> 1610.16 | K26: =L25 -> 93002.08 | L26: 94018.16 | M26: =SUM(L26-K26) -> 1016.08 | N26: =O25 -> 160463.84 | O26: 161297.92 | P26: =SUM(O26-N26-V26) -> 592.4 | Q26: =R25 -> 119960.8 | R26: 120405.2 | S26: =SUM(R26-Q26) -> 444.4 | T26: =U25 -> 27878.24 | U26: 28119.92 | V26: =SUM(U26-T26) -> 241.68 | W26: =X25 -> 62627.6 | X26: 62867.5 | Y26: =SUM(X26-W26) -> 239.9 | Z26: =AA25 -> 34321.36 | AA26: 34407.52 | AB26: =SUM(AA26-Z26) -> 86.16 | AC26: =AD25 -> 6820 | AD26: 7136 | AE26: =SUM(AD26-AC26) -> 316 | AF26: =SUM(AB26+Y26+V26+S26+P26+M26+J26+D26+G26+AE26) -> 9255.4 | AG26: =AH25 -> 1653972.7 | AH26: 1663272.6 | AI26: =SUM(AH26-AG26) -> 9299.92 | AJ26: =SUM(AI26-AF26) -> 44.52
A27: 45188 | B27: =C26 -> 877151.45 | C27: 881556.4 | D27: =SUM(C27-B27) -> 4404.95 | E27: =F26 -> 466.69 | F27: 513.26 | G27: =SUM(F27-E27) -> 46.57 | H27: =I26 -> 260277.6 | I27: 261472 | J27: =SUM(I27-H27) -> 1194.4 | K27: =L26 -> 94018.16 | L27: 94916.72 | M27: =SUM(L27-K27) -> 898.56 | N27: =O26 -> 161297.92 | O27: 162161.68 | P27: =SUM(O27-N27-V27) -> 610.92 | Q27: =R26 -> 120405.2 | R27: 120864.08 | S27: =SUM(R27-Q27) -> 458.88 | T27: =U26 -> 28119.92 | U27: 28372.76 | V27: =SUM(U27-T27) -> 252.84 | W27: =X26 -> 62867.5 | X27: 63082.81 | Y27: =SUM(X27-W27) -> 215.31 | Z27: =AA26 -> 34407.52 | AA27: 34512.7 | AB27: =SUM(AA27-Z27) -> 105.18 | AC27: =AD26 -> 7136 | AD27: 7486 | AE27: =SUM(AD27-AC27) -> 350 | AF27: =SUM(AB27+Y27+V27+S27+P27+M27+J27+D27+G27+AE27) -> 8537.61 | AG27: =AH26 -> 1663272.6 | AH27: 1671843.9 | AI27: =SUM(AH27-AG27) -> 8571.3 | AJ27: =SUM(AI27-AF27) -> 33.69
A28: 45189 | B28: =C27 -> 881556.4 | C28: 886313.87 | D28: =SUM(C28-B28) -> 4757.47 | E28: =F27 -> 513.26 | F28: 560.17 | G28: =SUM(F28-E28) -> 46.91 | H28: =I27 -> 261472 | I28: 262899.04 | J28: =SUM(I28-H28) -> 1427.04 | K28: =L27 -> 94916.72 | L28: 95880 | M28: =SUM(L28-K28) -> 963.28 | N28: =O27 -> 162161.68 | O28: 163009.04 | P28: =SUM(O28-N28-V28) -> 606.4 | Q28: =R27 -> 120864.08 | R28: 121319.76 | S28: =SUM(R28-Q28) -> 455.68 | T28: =U27 -> 28372.76 | U28: 28613.72 | V28: =SUM(U28-T28) -> 240.96 | W28: =X27 -> 63082.81 | X28: 63283 | Y28: =SUM(X28-W28) -> 200.19 | Z28: =AA27 -> 34512.7 | AA28: 34632.54 | AB28: =SUM(AA28-Z28) -> 119.84 | AC28: =AD27 -> 7486 | AD28: 7819 | AE28: =SUM(AD28-AC28) -> 333 | AF28: =SUM(AB28+Y28+V28+S28+P28+M28+J28+D28+G28+AE28) -> 9150.77 | AG28: =AH27 -> 1671843.9 | AH28: 1681000.9 | AI28: =SUM(AH28-AG28) -> 9157.05 | AJ28: =SUM(AI28-AF28) -> 6.28
A29: 45190 | B29: =C28 -> 886313.87 | C29: 891209.87 | D29: =SUM(C29-B29) -> 4896 | E29: =F28 -> 560.17 | F29: 605.09 | G29: =SUM(F29-E29) -> 44.92 | H29: =I28 -> 262899.04 | I29: 264294.72 | J29: =SUM(I29-H29) -> 1395.68 | K29: =L28 -> 95880 | L29: 96975.44 | M29: =SUM(L29-K29) -> 1095.44 | N29: =O28 -> 163009.04 | O29: 163893.5 | P29: =SUM(O29-N29-V29) -> 613.9 | Q29: =R28 -> 121319.76 | R29: 121812.88 | S29: =SUM(R29-Q29) -> 493.12 | T29: =U28 -> 28613.72 | U29: 28884.28 | V29: =SUM(U29-T29) -> 270.56 | W29: =X28 -> 63283 | X29: 63522.85 | Y29: =SUM(X29-W29) -> 239.85 | Z29: =AA28 -> 34632.54 | AA29: 34754.88 | AB29: =SUM(AA29-Z29) -> 122.34 | AC29: =AD28 -> 7819 | AD29: 8150 | AE29: =SUM(AD29-AC29) -> 331 | AF29: =SUM(AB29+Y29+V29+S29+P29+M29+J29+D29+G29+AE29) -> 9502.81 | AG29: =AH28 -> 1681000.9 | AH29: 1690545.2 | AI29: =SUM(AH29-AG29) -> 9544.27 | AJ29: =SUM(AI29-AF29) -> 41.46
A30: 45191 | B30: =C29 -> 891209.87 | C30: 895755.98 | D30: =SUM(C30-B30) -> 4546.11 | E30: =F29 -> 605.09 | F30: 667.81 | G30: =SUM(F30-E30) -> 62.72 | H30: =I29 -> 264294.72 | I30: 265636.72 | J30: =SUM(I30-H30) -> 1342 | K30: =L29 -> 96975.44 | L30: 97967.8 | M30: =SUM(L30-K30) -> 992.36 | N30: =O29 -> 163893.5 | O30: 164718.16 | P30: =SUM(O30-N30-V30) -> 565.94 | Q30: =R29 -> 121812.88 | R30: 122285.04 | S30: =SUM(R30-Q30) -> 472.16 | T30: =U29 -> 28884.28 | U30: 29143 | V30: =SUM(U30-T30) -> 258.72 | W30: =X29 -> 63522.85 | X30: 63765.92 | Y30: =SUM(X30-W30) -> 243.07 | Z30: =AA29 -> 34754.88 | AA30: 34886.59 | AB30: =SUM(AA30-Z30) -> 131.71 | AC30: =AD29 -> 8150 | AD30: 8457 | AE30: =SUM(AD30-AC30) -> 307 | AF30: =SUM(AB30+Y30+V30+S30+P30+M30+J30+D30+G30+AE30) -> 8921.79 | AG30: =AH29 -> 1690545.2 | AH30: 1699540.2 | AI30: =SUM(AH30-AG30) -> 8994.96 | AJ30: =SUM(AI30-AF30) -> 73.17
A31: 45192 | B31: =C30 -> 895755.98 | C31: 900695.52 | D31: =SUM(C31-B31) -> 4939.54 | E31: =F30 -> 667.81 | F31: 733.9 | G31: =SUM(F31-E31) -> 66.09 | H31: =I30 -> 265636.72 | I31: 267700.24 | J31: =SUM(I31-H31) -> 2063.52 | K31: =L30 -> 97967.8 | L31: 98621 | M31: =SUM(L31-K31) -> 653.2 | N31: =O30 -> 164718.16 | O31: 165496.8 | P31: =SUM(O31-N31-V31) -> 517.16 | Q31: =R30 -> 122285.04 | R31: 122781.52 | S31: =SUM(R31-Q31) -> 496.48 | T31: =U30 -> 29143 | U31: 29404.48 | V31: =SUM(U31-T31) -> 261.48 | W31: =X30 -> 63765.92 | X31: 64014.9 | Y31: =SUM(X31-W31) -> 248.98 | Z31: =AA30 -> 34886.59 | AA31: 35019.04 | AB31: =SUM(AA31-Z31) -> 132.45 | AC31: =AD30 -> 8457 | AD31: 8795 | AE31: =SUM(AD31-AC31) -> 338 | AF31: =SUM(AB31+Y31+V31+S31+P31+M31+J31+D31+G31+AE31) -> 9716.9 | AG31: =AH30 -> 1699540.2 | AH31: 1709313.2 | AI31: =SUM(AH31-AG31) -> 9773.02 | AJ31: =SUM(AI31-AF31) -> 56.12
A32: 45193 | B32: =C31 -> 900695.52 | C32: 905355.22 | D32: =SUM(C32-B32) -> 4659.7 | E32: =F31 -> 733.9 | F32: 768.99 | G32: =SUM(F32-E32) -> 35.09 | H32: =I31 -> 267700.24 | I32: 269613.92 | J32: =SUM(I32-H32) -> 1913.68 | K32: =L31 -> 98621 | L32: 98994.4 | M32: =SUM(L32-K32) -> 373.4 | N32: =O31 -> 165496.8 | O32: 166228.48 | P32: =SUM(O32-N32-V32) -> 484.28 | Q32: =R31 -> 122781.52 | R32: 123260.1 | S32: =SUM(R32-Q32) -> 478.58 | T32: =U31 -> 29404.48 | U32: 29651.88 | V32: =SUM(U32-T32) -> 247.4 | W32: =X31 -> 64014.9 | X32: 64233.4 | Y32: =SUM(X32-W32) -> 218.5 | Z32: =AA31 -> 35019.04 | AA32: 35137.95 | AB32: =SUM(AA32-Z32) -> 118.91 | AC32: =AD31 -> 8795 | AD32: 9048 | AE32: =SUM(AD32-AC32) -> 253 | AF32: =SUM(AB32+Y32+V32+S32+P32+M32+J32+D32+G32+AE32) -> 8782.54 | AG32: =AH31 -> 1709313.2 | AH32: 1718092.1 | AI32: =SUM(AH32-AG32) -> 8778.9 | AJ32: =SUM(AI32-AF32) -> -3.64
A33: 45194 | B33: =C32 -> 905355.22 | C33: 908444.11 | D33: =SUM(C33-B33) -> 3088.89 | E33: =F32 -> 768.99 | F33: 823.36 | G33: =SUM(F33-E33) -> 54.37 | H33: =I32 -> 269613.92 | I33: 271287.42 | J33: =SUM(I33-H33) -> 1673.5 | K33: =L32 -> 98994.4 | L33: 99371.4 | M33: =SUM(L33-K33) -> 377 | N33: =O32 -> 166228.48 | O33: 166850.88 | P33: =SUM(O33-N33-V33) -> 464.6 | Q33: =R32 -> 123260.1 | R33: 123655.28 | S33: =SUM(R33-Q33) -> 395.18 | T33: =U32 -> 29651.88 | U33: 29809.68 | V33: =SUM(U33-T33) -> 157.8 | W33: =X32 -> 64233.4 | X33: 64461.43 | Y33: =SUM(X33-W33) -> 228.03 | Z33: =AA32 -> 35137.95 | AA33: 35290.76 | AB33: =SUM(AA33-Z33) -> 152.81 | AC33: =AD32 -> 9048 | AD33: 9322 | AE33: =SUM(AD33-AC33) -> 274 | AF33: =SUM(AB33+Y33+V33+S33+P33+M33+J33+D33+G33+AE33) -> 6866.18 | AG33: =AH32 -> 1718092.1 | AH33: 1724995.6 | AI33: =SUM(AH33-AG33) -> 6903.45 | AJ33: =SUM(AI33-AF33) -> 37.27
A34: 45195 | B34: =C33 -> 908444.11 | C34: 913750 | D34: =SUM(C34-B34) -> 5305.89 | E34: =F33 -> 823.36 | F34: 894.13 | G34: =SUM(F34-E34) -> 70.77 | H34: =I33 -> 271287.42 | I34: 273205.06 | J34: =SUM(I34-H34) -> 1917.64 | K34: =L33 -> 99371.4 | L34: 100000 | M34: =SUM(L34-K34) -> 628.6 | N34: =O33 -> 166850.88 | O34: 167734.56 | P34: =SUM(O34-N34-V34) -> 600.24 | Q34: =R33 -> 123655.28 | R34: 124176.72 | S34: =SUM(R34-Q34) -> 521.44 | T34: =U33 -> 29809.68 | U34: 30093.12 | V34: =SUM(U34-T34) -> 283.44 | W34: =X33 -> 64461.43 | X34: 64703.56 | Y34: =SUM(X34-W34) -> 242.13 | Z34: =AA33 -> 35290.76 | AA34: 35413.86 | AB34: =SUM(AA34-Z34) -> 123.1 | AC34: =AD33 -> 9322 | AD34: 9655.74 | AE34: =SUM(AD34-AC34) -> 333.74 | AF34: =SUM(AB34+Y34+V34+S34+P34+M34+J34+D34+G34+AE34) -> 10026.99 | AG34: =AH33 -> 1724995.6 | AH34: 1735512.4 | AI34: =SUM(AH34-AG34) -> 10516.88 | AJ34: =SUM(AI34-AF34) -> 489.89
A35: 45196 | B35: =C34 -> 913750 | C35: 918897.97 | D35: =SUM(C35-B35) -> 5147.97 | E35: =F34 -> 894.13 | F35: 1041.98 | G35: =SUM(F35-E35) -> 147.85 | H35: =I34 -> 273205.06 | I35: 274603.78 | J35: =SUM(I35-H35) -> 1398.72 | K35: =L34 -> 100000 | L35: 100946.28 | M35: =SUM(L35-K35) -> 946.28 | N35: =O34 -> 167734.56 | O35: 168519.96 | P35: =SUM(O35-N35-V35) -> 505.32 | Q35: =R34 -> 124176.72 | R35: 124698.24 | S35: =SUM(R35-Q35) -> 521.52 | T35: =U34 -> 30093.12 | U35: 30373.2 | V35: =SUM(U35-T35) -> 280.08 | W35: =X34 -> 64703.56 | X35: 64941.8 | Y35: =SUM(X35-W35) -> 238.24 | Z35: =AA34 -> 35413.86 | AA35: 35543.47 | AB35: =SUM(AA35-Z35) -> 129.61 | AC35: =AD34 -> 9655.74 | AD35: 10010 | AE35: =SUM(AD35-AC35) -> 354.26 | AF35: =SUM(AB35+Y35+V35+S35+P35+M35+J35+D35+G35) -> 9315.59 | AG35: =AH34 -> 1735512.4 | AH35: 1744780.4 | AI35: =SUM(AH35-AG35) -> 9267.95 | AJ35: =SUM(AI35-AF35) -> -47.64
A36: 45197 | B36: 918897.97 | C36: 923910.99 | D36: =SUM(C36-B36) -> 5013.02 | E36: =F35 -> 1041.98 | F36: 1381.03 | G36: =SUM(F36-E36) -> 339.05 | H36: =I35 -> 274603.78 | I36: 276860.1 | J36: =SUM(I36-H36) -> 2256.32 | K36: =L35 -> 100946.28 | L36: 101578.24 | M36: =SUM(L36-K36) -> 631.96 | N36: =O35 -> 168519.96 | O36: 169311.6 | P36: =SUM(O36-N36-V36) -> 539.4 | Q36: =R35 -> 124698.24 | R36: 125306.2 | S36: =SUM(R36-Q36) -> 607.96 | T36: =U35 -> 30373.2 | U36: 30625.44 | V36: =SUM(U36-T36) -> 252.24 | W36: =X35 -> 64941.8 | X36: 65224.2 | Y36: =SUM(X36-W36) -> 282.4 | Z36: =AA35 -> 35543.47 | AA36: 35674.36 | AB36: =SUM(AA36-Z36) -> 130.89 | AC36: =AD35 -> 10010 | AD36: 10363 | AE36: =SUM(AD36-AC36) -> 353 | AF36: =SUM(AB36+Y36+V36+S36+P36+M36+J36+D36+G36+AE36) -> 10406.24 | AG36: =AH35 -> 1744780.4 | AH36: 1755218.9 | AI36: =SUM(AH36-AG36) -> 10438.52 | AJ36: =SUM(AI36-AF36) -> 32.28
A37: 45198 | B37: =C36 -> 923910.99 | C37: 929016.6 | D37: =SUM(C37-B37) -> 5105.61 | E37: =F36 -> 1381.03 | F37: 1417.8 | G37: =SUM(F37-E37) -> 36.77 | H37: =I36 -> 276860.1 | I37: 278130.72 | J37: =SUM(I37-H37) -> 1270.62 | K37: =L36 -> 101578.24 | L37: 102167.84 | M37: =SUM(L37-K37) -> 589.6 | N37: =O36 -> 169311.6 | O37: 170178.32 | P37: =SUM(O37-N37-V37) -> 597.72 | Q37: =R36 -> 125306.2 | R37: 125868.96 | S37: =SUM(R37-Q37) -> 562.76 | T37: =U36 -> 30625.44 | U37: 30894.44 | V37: =SUM(U37-T37) -> 269 | W37: =X36 -> 65224.2 | X37: 65424.97 | Y37: =SUM(X37-W37) -> 200.77 | Z37: =AA36 -> 35674.36 | AA37: 35810.61 | AB37: =SUM(AA37-Z37) -> 136.25 | AC37: =AD36 -> 10363 | AD37: 10650 | AE37: =SUM(AD37-AC37) -> 287 | AF37: =SUM(AB37+Y37+V37+S37+P37+M37+J37+D37+G37+AE37) -> 9056.1 | AG37: =AH36 -> 1755218.9 | AH37: 1764315.1 | AI37: =SUM(AH37-AG37) -> 9096.18 | AJ37: =SUM(AI37-AF37) -> 40.08
A38: 45199 | B38: =C37 -> 929016.6 | C38: 933967.8 | D38: =SUM(C38-B38) -> 4951.201 | E38: =F37 -> 1417.8 | F38: 1470.88 | G38: =SUM(F38-E38) -> 53.08 | H38: =I37 -> 278130.72 | I38: 279260.64 | J38: =SUM(I38-H38) -> 1129.92 | K38: =L37 -> 102167.84 | L38: 102616.4 | M38: =SUM(L38-K38) -> 448.56 | N38: =O37 -> 170178.32 | O38: 171000.48 | P38: =SUM(O38-N38-V38) -> 570.36 | Q38: =R37 -> 125868.96 | R38: 126412.24 | S38: =SUM(R38-Q38) -> 543.28 | T38: =U37 -> 30894.44 | U38: 31146.24 | V38: =SUM(U38-T38) -> 251.8 | W38: =X37 -> 65424.97 | X38: 65634.74 | Y38: =SUM(X38-W38) -> 209.77 | Z38: 35811 | AA38: 35944.4 | AB38: =SUM(AA38-Z38) -> 133.4 | AC38: =AD37 -> 10650 | AD38: 11051 | AE38: =SUM(AD38-AC38) -> 401 | AF38: =SUM(AB38+Y38+V38+S38+P38+M38+J38+D38+G38+AE38) -> 8692.371 | AG38: =AH37 -> 1764315.1 | AH38: 1773047.9 | AI38: =SUM(AH38-AG38) -> 8732.82 | AJ38: =SUM(AI38-AF38) -> 40.449
D39: =SUM(D8:D38) -> 144665.88 | G39: =SUM(G9:G38) -> 1439.53 | J39: =SUM(J9:J38) -> 47995.95 | M39: =SUM(M9:M38) -> 20341.64 | P39: =SUM(P9:P38) -> 16857.9 | S39: =SUM(S9:S38) -> 14527.6 | V39: =SUM(V9:V38) -> 7425.48 | Y39: =SUM(Y9:Y38) -> 6996.24 | AB39: =SUM(AB9:AB38) -> 3600.21 | AE39: =SUM(AE9:AE38) -> 9953 | AI39: =SUM(AI9:AI38) -> 274742.1

Sheet Oct 2023
A2: KWH Report October 2023
A4: DATE | B4: KWH reading of the Month of October 2023
B6: Busway 1 (PRE AND POST BLOW ROOM + DRYER +BLEACHING MACHINES+ STAMP PRESS+ CAKE OPENOR+ CENTRIFUGE+ BALE PRESS) | E6: Busway 2 (PRE AND POST BLOW ROOM + DRYER +BLEACHING MACHINES+ STAMP PRESS+ CAKE OPENOR+ CENTRIFUGE+ BALE PRESS+ LAWER) | H6: MCC-1(EXHAUST FAN+ FA FAN+ DRYER FAN+ SUBMERSIBLE PUMP +RECYCLE PUMP) | K6: MCC-2 (FA FAN +EXHAUST FAN CHEMICAL AREA+CAUSTIC FEED PUMP+WASTE WATER PUMP) | N6: MCC-3 (COMPRESSOR +FA FAN+ EXHAUST FAN)+BOILER) | Q6: MCC-4 (SOFTENING PUMP+UV PUMP+FEED PUMP+ CAUSTIC PUMP+RAW WATER PUMP+ CHEMICAL AREA) | T6: MCC-5 (Boiler) | W6: LPDB-1 (PHASE 1 AND 2 LIGHTENING LOAD) | Z6: LPDB-2 (PRE BLOW ROOM LIGHTENING LOAD) | AC6: LPDB OFFICE
B7: Opening | C7: Closing | D7: Total Units Kwh / day | E7: Opening | F7: Closing | G7: Total Units Kwh / day | H7: Opening | I7: Closing | J7: Total Units Kwh / day | K7: Opening | L7: Closing | M7: Total Units Kwh / day | N7: Opening | O7: Closing | P7: Total Units Kwh / day | Q7: Opening | R7: Closing | S7: Total Units Kwh /day | T7: Opening | U7: Closing | V7: Total Units Kwh /day | W7: Opening | X7: Closing | Y7: Total Units Kwh /day | Z7: Opening | AA7: Closing | AB7: Total Units Kwh /day | AC7: Opening | AD7: Closing | AE7: Total Units Kwh /day | AF7: Total consumed | AG7: Main Incoming | AJ7: Diff b/w main LT and consumption
AG8: Opening | AH8: Closing | AI8: Total Units Kwh / day
A9: 45200 | B9: 933967.8 | C9: 939314.37 | D9: =SUM(C9-B9) -> 5346.57 | E9: 1470.88 | F9: 1601.94 | G9: =SUM(F9-E9) -> 131.06 | H9: 279260.6 | I9: 280329.26 | J9: =SUM(I9-H9) -> 1068.66 | K9: 102616.4 | L9: 102992.48 | M9: =SUM(L9-K9) -> 376.08 | N9: 171000.48 | O9: 171917.68 | P9: =SUM(O9-N9-V9) -> 646.28 | Q9: 126412.24 | R9: 127047.68 | S9: =SUM(R9-Q9) -> 635.44 | T9: 31146.24 | U9: 31417.16 | V9: =SUM(U9-T9) -> 270.92 | W9: 65634.74 | X9: 65848.01 | Y9: =SUM(X9-W9) -> 213.27 | Z9: 35944.4 | AA9: 36073.55 | AB9: =SUM(AA9-Z9) -> 129.15 | AC9: 11051 | AD9: 11381 | AE9: =SUM(AD9-AC9) -> 330 | AF9: =SUM(AB9+Y9+V9+S9+P9+M9+J9+D9+AE9+G9) -> 9147.43 | AG9: 1773047.9 | AH9: 1782247.1 | AI9: =SUM(AH9-AG9) -> 9199.18 | AJ9: =SUM(AI9-AF9) -> 51.75
A10: 45201 | B10: =C9 -> 939314.37 | C10: 944439.94 | D10: =SUM(C10-B10) -> 5125.57 | E10: =F9 -> 1601.94 | F10: 1903.56 | G10: =SUM(F10-E10) -> 301.62 | H10: =I9 -> 280329.26 | I10: 281481.35 | J10: =SUM(I10-H10) -> 1152.09 | K10: =L9 -> 102992.48 | L10: 103598.05 | M10: =SUM(L10-K10) -> 605.57 | N10: =O9 -> 171917.68 | O10: 172830.58 | P10: =SUM(O10-N10-V10) -> 646.18 | Q10: =R9 -> 127047.68 | R10: 127652.48 | S10: =SUM(R10-Q10) -> 604.8 | T10: =U9 -> 31417.16 | U10: 31683.88 | V10: =SUM(U10-T10) -> 266.72 | W10: =X9 -> 65848.01 | X10: 66048.25 | Y10: =SUM(X10-W10) -> 200.24 | Z10: =AA9 -> 36073.55 | AA10: 36204.2 | AB10: =SUM(AA10-Z10) -> 130.65 | AC10: =AD9 -> 11381 | AD10: 11765 | AE10: =SUM(AD10-AC10) -> 384 | AF10: =SUM(AB10+Y10+V10+S10+P10+M10+J10+D10+AE10+G10) -> 9417.44 | AG10: =AH9 -> 1782247.1 | AH10: 1791724 | AI10: =SUM(AH10-AG10) -> 9476.89 | AJ10: =SUM(AI10-AF10) -> 59.45
A11: 45202 | B11: =C10 -> 944439.94 | C11: 949473.38 | D11: =SUM(C11-B11) -> 5033.44 | E11: =F10 -> 1903.56 | F11: 2181.3 | G11: =SUM(F11-E11) -> 277.74 | H11: =I10 -> 281481.35 | I11: 282873.26 | J11: =SUM(I11-H11) -> 1391.91 | K11: =L10 -> 103598.05 | L11: 104322 | M11: =SUM(L11-K11) -> 723.95 | N11: =O10 -> 172830.58 | O11: 173792.08 | P11: =SUM(O11-N11-V11) -> 696.7 | Q11: =R10 -> 127652.48 | R11: 128264.4 | S11: =SUM(R11-Q11) -> 611.92 | T11: =U10 -> 31683.88 | U11: 31948.68 | V11: =SUM(U11-T11) -> 264.8 | W11: =X10 -> 66048.25 | X11: 66251.78 | Y11: =SUM(X11-W11) -> 203.53 | Z11: =AA10 -> 36204.2 | AA11: 36335.34 | AB11: =SUM(AA11-Z11) -> 131.14 | AC11: =AD10 -> 11765 | AD11: 12143 | AE11: =SUM(AD11-AC11) -> 378 | AF11: =SUM(AB11+Y11+V11+S11+P11+M11+J11+D11+AE11+G11) -> 9713.13 | AG11: =AH10 -> 1791724 | AH11: 1801492.6 | AI11: =SUM(AH11-AG11) -> 9768.68 | AJ11: =SUM(AI11-AF11) -> 55.55
A12: 45203 | B12: =C11 -> 949473.38 | C12: 954594.66 | D12: =SUM(C12-B12) -> 5121.28 | E12: =F11 -> 2181.3 | F12: 2583.79 | G12: =SUM(F12-E12) -> 402.49 | H12: =I11 -> 282873.26 | I12: 284297.16 | J12: =SUM(I12-H12) -> 1423.9 | K12: =L11 -> 104322 | L12: 105036 | M12: =SUM(L12-K12) -> 714 | N12: =O11 -> 173792.08 | O12: 174644.96 | P12: =SUM(O12-N12-V12) -> 606.12 | Q12: =R11 -> 128264.4 | R12: 128834.24 | S12: =SUM(R12-Q12) -> 569.84 | T12: =U11 -> 31948.68 | U12: 32195.44 | V12: =SUM(U12-T12) -> 246.76 | W12: =X11 -> 66251.78 | X12: 66471.62 | Y12: =SUM(X12-W12) -> 219.84 | Z12: =AA11 -> 36335.34 | AA12: 36466.78 | AB12: =SUM(AA12-Z12) -> 131.44 | AC12: =AD11 -> 12143 | AD12: 12487 | AE12: =SUM(AD12-AC12) -> 344 | AF12: =SUM(AB12+Y12+V12+S12+P12+M12+J12+D12+AE12+G12) -> 9779.67 | AG12: =AH11 -> 1801492.6 | AH12: 1811338.6 | AI12: =SUM(AH12-AG12) -> 9845.91 | AJ12: =SUM(AI12-AF12) -> 66.24
A13: 45204 | B13: =C12 -> 954594.66 | C13: 959847.25 | D13: =SUM(C13-B13) -> 5252.59 | E13: =F12 -> 2583.79 | F13: 2860.86 | G13: =SUM(F13-E13) -> 277.07 | H13: =I12 -> 284297.16 | I13: 285344.26 | J13: =SUM(I13-H13) -> 1047.1 | K13: =L12 -> 105036 | L13: 105811.64 | M13: =SUM(L13-K13) -> 775.64 | N13: =O12 -> 174644.96 | O13: 175581.2 | P13: =SUM(O13-N13-V13) -> 658 | Q13: =R12 -> 128834.24 | R13: 129419.68 | S13: =SUM(R13-Q13) -> 585.44 | T13: =U12 -> 32195.44 | U13: 32473.68 | V13: =SUM(U13-T13) -> 278.24 | W13: =X12 -> 66471.62 | X13: 66665.94 | Y13: =SUM(X13-W13) -> 194.32 | Z13: =AA12 -> 36466.78 | AA13: 36593.6 | AB13: =SUM(AA13-Z13) -> 126.82 | AC13: =AD12 -> 12487 | AD13: 12838 | AE13: =SUM(AD13-AC13) -> 351 | AF13: =SUM(AB13+Y13+V13+S13+P13+M13+J13+D13+AE13+G13) -> 9546.22 | AG13: =AH12 -> 1811338.6 | AH13: 1820857.4 | AI13: =SUM(AH13-AG13) -> 9518.89 | AJ13: =SUM(AI13-AF13) -> -27.33
A14: 45205 | B14: =C13 -> 959847.25 | C14: 965021.6 | D14: =SUM(C14-B14) -> 5174.35 | E14: =F13 -> 2860.86 | F14: 3394.61 | G14: =SUM(F14-E14) -> 533.75 | H14: =I13 -> 285344.26 | I14: 286589.18 | J14: =SUM(I14-H14) -> 1244.92 | K14: =L13 -> 105811.64 | L14: 106611.04 | M14: =SUM(L14-K14) -> 799.4 | N14: =O13 -> 175581.2 | O14: 176580.24 | P14: =SUM(O14-N14-V14) -> 688.2 | Q14: =R13 -> 129419.68 | R14: 129985.12 | S14: =SUM(R14-Q14) -> 565.44 | T14: =U13 -> 32473.68 | U14: 32784.52 | V14: =SUM(U14-T14) -> 310.84 | W14: =X13 -> 66665.94 | X14: 66862 | Y14: =SUM(X14-W14) -> 196.06 | Z14: =AA13 -> 36593.6 | AA14: 36731 | AB14: =SUM(AA14-Z14) -> 137.4 | AC14: =AD13 -> 12838 | AD14: 13175 | AE14: =SUM(AD14-AC14) -> 337 | AF14: =SUM(AB14+Y14+V14+S14+P14+M14+J14+D14+AE14+G14) -> 9987.36 | AG14: =AH13 -> 1820857.4 | AH14: 1830894.7 | AI14: =SUM(AH14-AG14) -> 10037.29 | AJ14: =SUM(AI14-AF14) -> 49.93
A15: 45206 | B15: =C14 -> 965021.6 | C15: 970333.95 | D15: =SUM(C15-B15) -> 5312.35 | E15: =F14 -> 3394.61 | F15: 3957.38 | G15: =SUM(F15-E15) -> 562.77 | H15: =I14 -> 286589.18 | I15: 288015.68 | J15: =SUM(I15-H15) -> 1426.5 | K15: =L14 -> 106611.04 | L15: 107005.12 | M15: =SUM(L15-K15) -> 394.08 | N15: =O14 -> 176580.24 | O15: 177545.12 | P15: =SUM(O15-N15-V15) -> 665.84 | Q15: =R14 -> 129985.12 | R15: 130552.4 | S15: =SUM(R15-Q15) -> 567.28 | T15: =U14 -> 32784.52 | U15: 33083.56 | V15: =SUM(U15-T15) -> 299.04 | W15: =X14 -> 66862 | X15: 67053 | Y15: =SUM(X15-W15) -> 191 | Z15: =AA14 -> 36731 | AA15: 36858 | AB15: =SUM(AA15-Z15) -> 127 | AC15: =AD14 -> 13175 | AD15: 13580 | AE15: =SUM(AD15-AC15) -> 405 | AF15: =SUM(AB15+Y15+V15+S15+P15+M15+J15+D15+AE15+G15) -> 9950.86 | AG15: =AH14 -> 1830894.7 | AH15: 1840896.5 | AI15: =SUM(AH15-AG15) -> 10001.78 | AJ15: =SUM(AI15-AF15) -> 50.92
A16: 45207 | B16: =C15 -> 970333.95 | C16: 975955.97 | D16: =SUM(C16-B16) -> 5622.02 | E16: =F15 -> 3957.38 | F16: 3987.31 | G16: =SUM(F16-E16) -> 29.93 | H16: =I15 -> 288015.68 | I16: 289285.06 | J16: =SUM(I16-H16) -> 1269.38 | K16: =L15 -> 107005.12 | L16: 107343.52 | M16: =SUM(L16-K16) -> 338.4 | N16: =O15 -> 177545.12 | O16: 178495.12 | P16: =SUM(O16-N16-V16) -> 657.92 | Q16: =R15 -> 130552.4 | R16: 131139.76 | S16: =SUM(R16-Q16) -> 587.36 | T16: =U15 -> 33083.56 | U16: 33375.64 | V16: =SUM(U16-T16) -> 292.08 | W16: =X15 -> 67053 | X16: 67228 | Y16: =SUM(X16-W16) -> 175 | Z16: =AA15 -> 36858 | AA16: 36964 | AB16: =SUM(AA16-Z16) -> 106 | AC16: =AD15 -> 13580 | AD16: 13894 | AE16: =SUM(AD16-AC16) -> 314 | AF16: =SUM(AB16+Y16+V16+S16+P16+M16+J16+D16+AE16+G16) -> 9392.09 | AG16: =AH15 -> 1840896.5 | AH16: 1850307.4 | AI16: =SUM(AH16-AG16) -> 9410.9 | AJ16: =SUM(AI16-AF16) -> 18.81
A17: 45208 | B17: =C16 -> 975955.97 | C17: 981750.54 | D17: =SUM(C17-B17) -> 5794.57 | E17: =F16 -> 3987.31 | F17: 4422.84 | G17: =SUM(F17-E17) -> 435.53 | H17: =I16 -> 289285.06 | I17: 291286.48 | J17: =SUM(I17-H17) -> 2001.42 | K17: =L16 -> 107343.52 | L17: 107924.36 | M17: =SUM(L17-K17) -> 580.84 | N17: =O16 -> 178495.12 | O17: 179466.08 | P17: =SUM(O17-N17-V17) -> 673.8 | Q17: =R16 -> 131139.76 | R17: 131738.96 | S17: =SUM(R17-Q17) -> 599.2 | T17: =U16 -> 33375.64 | U17: 33672.8 | V17: =SUM(U17-T17) -> 297.16 | W17: =X16 -> 67228 | X17: 67455.25 | Y17: =SUM(X17-W17) -> 227.25 | Z17: =AA16 -> 36964 | AA17: 37087.44 | AB17: =SUM(AA17-Z17) -> 123.44 | AC17: =AD16 -> 13894 | AD17: 14264 | AE17: =SUM(AD17-AC17) -> 370 | AF17: =SUM(AB17+Y17+V17+S17+P17+M17+J17+D17+AE17+G17) -> 11103.21 | AG17: =AH16 -> 1850307.4 | AH17: 1861492.9 | AI17: =SUM(AH17-AG17) -> 11185.47 | AJ17: =SUM(AI17-AF17) -> 82.26
A18: 45209 | B18: =C17 -> 981750.54 | C18: 987606.45 | D18: =SUM(C18-B18) -> 5855.91 | E18: =F17 -> 4422.84 | F18: 5501.82 | G18: =SUM(F18-E18) -> 1078.98 | H18: =I17 -> 291286.48 | I18: 293624.8 | J18: =SUM(I18-H18) -> 2338.32 | K18: =L17 -> 107924.36 | L18: 108602.52 | M18: =SUM(L18-K18) -> 678.16 | N18: =O17 -> 179466.08 | O18: 180473.68 | P18: =SUM(O18-N18-V18) -> 703.32 | Q18: =R17 -> 131738.96 | R18: 132367.52 | S18: =SUM(R18-Q18) -> 628.56 | T18: =U17 -> 33672.8 | U18: 33977.08 | V18: =SUM(U18-T18) -> 304.28 | W18: =X17 -> 67455.25 | X18: 67729.65 | Y18: =SUM(X18-W18) -> 274.4 | Z18: =AA17 -> 37087.44 | AA18: 37206 | AB18: =SUM(AA18-Z18) -> 118.56 | AC18: =AD17 -> 14264 | AD18: 14797 | AE18: =SUM(AD18-AC18) -> 533 | AF18: =SUM(AB18+Y18+V18+S18+P18+M18+J18+D18+AE18+G18) -> 12513.49 | AG18: =AH17 -> 1861492.9 | AH18: 1874106 | AI18: =SUM(AH18-AG18) -> 12613.11 | AJ18: =SUM(AI18-AF18) -> 99.62
A19: 45210 | B19: =C18 -> 987606.45 | C19: 992237.1 | D19: =SUM(C19-B19) -> 4630.65 | E19: =F18 -> 5501.82 | F19: 6472.09 | G19: =SUM(F19-E19) -> 970.27 | H19: =I18 -> 293624.8 | I19: 295282.4 | J19: =SUM(I19-H19) -> 1657.6 | K19: =L18 -> 108602.52 | L19: 109334.34 | M19: =SUM(L19-K19) -> 731.82 | N19: =O18 -> 180473.68 | O19: 181357 | P19: =SUM(O19-N19-V19) -> 627.4 | Q19: =R18 -> 132367.52 | R19: 132893.2 | S19: =SUM(R19-Q19) -> 525.68 | T19: =U18 -> 33977.08 | U19: 34233 | V19: =SUM(U19-T19) -> 255.92 | W19: =X18 -> 67729.65 | X19: 68018.29 | Y19: =SUM(X19-W19) -> 288.64 | Z19: =AA18 -> 37206 | AA19: 37306.22 | AB19: =SUM(AA19-Z19) -> 100.22 | AC19: =AD18 -> 14797 | AD19: 15103 | AE19: =SUM(AD19-AC19) -> 306 | AF19: =SUM(AB19+Y19+V19+S19+P19+M19+J19+D19+AE19+G19) -> 10094.2 | AG19: =AH18 -> 1874106 | AH19: 1883977.2 | AI19: =SUM(AH19-AG19) -> 9871.21 | AJ19: =SUM(AI19-AF19) -> -222.99
A20: 45211 | B20: =C19 -> 992237.1 | C20: 997396.7 | D20: =SUM(C20-B20) -> 5159.6 | E20: =F19 -> 6472.09 | F20: 7656.66 | G20: =SUM(F20-E20) -> 1184.57 | H20: =I19 -> 295282.4 | I20: 297082.8 | J20: =SUM(I20-H20) -> 1800.4 | K20: =L19 -> 109334.34 | L20: 109678 | M20: =SUM(L20-K20) -> 343.66 | N20: =O19 -> 181357 | O20: 182309.76 | P20: =SUM(O20-N20-V20) -> 659.16 | Q20: =R19 -> 132893.2 | R20: 133440.32 | S20: =SUM(R20-Q20) -> 547.12 | T20: =U19 -> 34233 | U20: 34526.6 | V20: =SUM(U20-T20) -> 293.6 | W20: =X19 -> 68018.29 | X20: 68311.11 | Y20: =SUM(X20-W20) -> 292.82 | Z20: =AA19 -> 37306.22 | AA20: 37426.75 | AB20: =SUM(AA20-Z20) -> 120.53 | AC20: =AD19 -> 15103 | AD20: 15384 | AE20: =SUM(AD20-AC20) -> 281 | AF20: =SUM(AB20+Y20+V20+S20+P20+M20+J20+D20+AE20+G20) -> 10682.46 | AG20: =AH19 -> 1883977.2 | AH20: 1894654.8 | AI20: =SUM(AH20-AG20) -> 10677.59 | AJ20: =SUM(AI20-AF20) -> -4.87
A21: 45212 | B21: =C20 -> 997396.7 | C21: 1003499.2 | D21: =SUM(C21-B21) -> 6102.5 | E21: =F20 -> 7656.66 | F21: 8579.57 | G21: =SUM(F21-E21) -> 922.91 | H21: =I20 -> 297082.8 | I21: 298696 | J21: =SUM(I21-H21) -> 1613.2 | K21: =L20 -> 109678 | L21: 110036.52 | M21: =SUM(L21-K21) -> 358.52 | N21: =O20 -> 182309.76 | O21: 183323.76 | P21: =SUM(O21-N21-V21) -> 682.44 | Q21: =R20 -> 133440.32 | R21: 134048.96 | S21: =SUM(R21-Q21) -> 608.64 | T21: =U20 -> 34526.6 | U21: 34858.16 | V21: =SUM(U21-T21) -> 331.56 | W21: =X20 -> 68311.11 | X21: 68599.18 | Y21: =SUM(X21-W21) -> 288.07 | Z21: =AA20 -> 37426.75 | AA21: 37585.93 | AB21: =SUM(AA21-Z21) -> 159.18 | AC21: =AD20 -> 15384 | AD21: 15673 | AE21: =SUM(AD21-AC21) -> 289 | AF21: =SUM(AB21+Y21+V21+S21+P21+M21+J21+D21+AE21+G21) -> 11356.02 | AG21: =AH20 -> 1894654.8 | AH21: 1906036.6 | AI21: =SUM(AH21-AG21) -> 11381.8 | AJ21: =SUM(AI21-AF21) -> 25.78
A22: 45213 | B22: =C21 -> 1003499.2 | C22: 1010036.4 | D22: =SUM(C22-B22) -> 6537.17 | E22: =F21 -> 8579.57 | F22: 9319.18 | G22: =SUM(F22-E22) -> 739.61 | H22: =I21 -> 298696 | I22: 300085.28 | J22: =SUM(I22-H22) -> 1389.28 | K22: =L21 -> 110036.52 | L22: 110376.8 | M22: =SUM(L22-K22) -> 340.28 | N22: =O21 -> 183323.76 | O22: 184424.72 | P22: =SUM(O22-N22-V22) -> 731.76 | Q22: =R21 -> 134048.96 | R22: 134681.2 | S22: =SUM(R22-Q22) -> 632.24 | T22: =U21 -> 34858.16 | U22: 35227.36 | V22: =SUM(U22-T22) -> 369.2 | W22: =X21 -> 68599.18 | X22: 68851.48 | Y22: =SUM(X22-W22) -> 252.3 | Z22: =AA21 -> 37585.93 | AA22: 37740.67 | AB22: =SUM(AA22-Z22) -> 154.74 | AC22: =AD21 -> 15673 | AD22: 15951 | AE22: =SUM(AD22-AC22) -> 278 | AF22: =SUM(AB22+Y22+V22+S22+P22+M22+J22+D22+AE22+G22) -> 11424.58 | AG22: =AH21 -> 1906036.6 | AH22: 1917545.9 | AI22: =SUM(AH22-AG22) -> 11509.25 | AJ22: =SUM(AI22-AF22) -> 84.67
A23: 45214 | B23: =C22 -> 1010036.4 | C23: 1016418.7 | D23: =SUM(C23-B23) -> 6382.33 | E23: =F22 -> 9319.18 | F23: 10168.69 | G23: =SUM(F23-E23) -> 849.51 | H23: =I22 -> 300085.28 | I23: 301945.28 | J23: =SUM(I23-H23) -> 1860 | K23: =L22 -> 110376.8 | L23: 110777.08 | M23: =SUM(L23-K23) -> 400.28 | N23: 184424.72 | O23: 185466.96 | P23: =SUM(O23-N23-V23) -> 700.05 | Q23: =R22 -> 134681.2 | R23: 135344.24 | S23: =SUM(R23-Q23) -> 663.04 | T23: =U22 -> 35227.36 | U23: 35569.55 | V23: =SUM(U23-T23) -> 342.19 | W23: =X22 -> 68851.48 | X23: 69098.1 | Y23: =SUM(X23-W23) -> 246.62 | Z23: =AA22 -> 37740.67 | AA23: 37893.1 | AB23: =SUM(AA23-Z23) -> 152.43 | AC23: =AD22 -> 15951 | AD23: 16198 | AE23: =SUM(AD23-AC23) -> 247 | AF23: =SUM(AB23+Y23+V23+S23+P23+M23+J23+D23+AE23+G23) -> 11843.45 | AG23: =AH22 -> 1917545.9 | AH23: 1929350.9 | AI23: =SUM(AH23-AG23) -> 11805.05 | AJ23: =SUM(AI23-AF23) -> -38.4
A24: 45215 | B24: =C23 -> 1016418.7 | C24: 1022747.1 | D24: =SUM(C24-B24) -> 6328.4 | E24: =F23 -> 10168.69 | F24: 11399.72 | G24: =SUM(F24-E24) -> 1231.03 | H24: =I23 -> 301945.28 | I24: 304111.04 | J24: =SUM(I24-H24) -> 2165.76 | K24: =L23 -> 110777.08 | L24: 111190.16 | M24: =SUM(L24-K24) -> 413.08 | N24: 186543.6 | O24: 187543 | P24: =SUM(O24-N24-V24) -> 649.35 | Q24: =R23 -> 135344.24 | R24: 136046.56 | S24: =SUM(R24-Q24) -> 702.32 | T24: =U23 -> 35569.55 | U24: 35919.6 | V24: =SUM(U24-T24) -> 350.05 | W24: =X23 -> 69098.1 | X24: 69351.46 | Y24: =SUM(X24-W24) -> 253.36 | Z24: =AA23 -> 37893.1 | AA24: 38067.82 | AB24: =SUM(AA24-Z24) -> 174.72 | AC24: =AD23 -> 16198 | AD24: 16480 | AE24: =SUM(AD24-AC24) -> 282 | AF24: =SUM(AB24+Y24+V24+S24+P24+M24+J24+D24+AE24+G24) -> 12550.07 | AG24: =AH23 -> 1929350.9 | AH24: 1942028.3 | AI24: =SUM(AH24-AG24) -> 12677.39 | AJ24: =SUM(AI24-AF24) -> 127.32
A25: 45216 | B25: =C24 -> 1022747.1 | C25: 1029293.3 | D25: =SUM(C25-B25) -> 6546.2 | E25: =F24 -> 11399.72 | F25: 12399.67 | G25: =SUM(F25-E25) -> 999.95 | H25: =I24 -> 304111.04 | I25: 306107.68 | J25: =SUM(I25-H25) -> 1996.64 | K25: =L24 -> 111190.16 | L25: 111665.8 | M25: =SUM(L25-K25) -> 475.64 | N25: =O24 -> 187543 | O25: 187625.44 | P25: =SUM(O25-N25-V25) -> -283.12 | Q25: =R24 -> 136046.56 | R25: 136675.92 | S25: =SUM(R25-Q25) -> 629.36 | T25: =U24 -> 35919.6 | U25: 36285.16 | V25: =SUM(U25-T25) -> 365.56 | W25: =X24 -> 69351.46 | X25: 69640.07 | Y25: =SUM(X25-W25) -> 288.61 | Z25: =AA24 -> 38067.82 | AA25: 38264.27 | AB25: =SUM(AA25-Z25) -> 196.45 | AC25: =AD24 -> 16480 | AD25: 16750 | AE25: =SUM(AD25-AC25) -> 270 | AF25: =SUM(AB25+Y25+V25+S25+P25+M25+J25+D25+AE25+G25) -> 11485.29 | AG25: =AH24 -> 1942028.3 | AH25: 1954535.2 | AI25: =SUM(AH25-AG25) -> 12506.9 | AJ25: 22
A26: 45217 | B26: =C25 -> 1029293.3 | C26: 1035564.1 | D26: =SUM(C26-B26) -> 6270.76 | E26: =F25 -> 12399.67 | F26: 13700.98 | G26: =SUM(F26-E26) -> 1301.31 | H26: =I25 -> 306107.68 | I26: 308219.04 | J26: =SUM(I26-H26) -> 2111.36 | K26: =L25 -> 111665.8 | L26: 112069.28 | M26: =SUM(L26-K26) -> 403.48 | N26: =O25 -> 187625.44 | O26: 188668.16 | P26: =SUM(O26-N26-V26) -> 694.32 | Q26: =R25 -> 136675.92 | R26: 137315.68 | S26: =SUM(R26-Q26) -> 639.76 | T26: =U25 -> 36285.16 | U26: 36633.56 | V26: =SUM(U26-T26) -> 348.4 | W26: =X25 -> 69640.07 | X26: 69913.96 | Y26: =SUM(X26-W26) -> 273.89 | Z26: =AA25 -> 38264.27 | AA26: 38451.2 | AB26: =SUM(AA26-Z26) -> 186.93 | AC26: =AD25 -> 16750 | AD26: 17041 | AE26: =SUM(AD26-AC26) -> 291 | AF26: =SUM(AB26+Y26+V26+S26+P26+M26+J26+D26+AE26+G26) -> 12521.21 | AG26: =AH25 -> 1954535.2 | AH26: 1967126.5 | AI26: =SUM(AH26-AG26) -> 12591.31 | AJ26: =SUM(AI26-AF26) -> 70.1
A27: 45218 | B27: =C26 -> 1035564.1 | C27: 1041838.8 | D27: =SUM(C27-B27) -> 6274.77 | E27: =F26 -> 13700.98 | F27: 14972.39 | G27: =SUM(F27-E27) -> 1271.41 | H27: =I26 -> 308219.04 | I27: 310433.54 | J27: =SUM(I27-H27) -> 2214.5 | K27: =L26 -> 112069.28 | L27: 112464.4 | M27: =SUM(L27-K27) -> 395.12 | N27: =O26 -> 188668.16 | O27: 189682.08 | P27: =SUM(O27-N27-V27) -> 682.64 | Q27: =R26 -> 137315.68 | R27: 137904.72 | S27: =SUM(R27-Q27) -> 589.04 | T27: =U26 -> 36633.56 | U27: 36964.84 | V27: =SUM(U27-T27) -> 331.28 | W27: =X26 -> 69913.96 | X27: 70151.21 | Y27: =SUM(X27-W27) -> 237.25 | Z27: =AA26 -> 38451.2 | AA27: 38615.45 | AB27: =SUM(AA27-Z27) -> 164.25 | AC27: =AD26 -> 17041 | AD27: 17334 | AE27: =SUM(AD27-AC27) -> 293 | AF27: =SUM(AB27+Y27+V27+S27+P27+M27+J27+D27+AE27+G27) -> 12453.26 | AG27: =AH26 -> 1967126.5 | AH27: 1979566.4 | AI27: =SUM(AH27-AG27) -> 12439.94 | AJ27: =SUM(AI27-AF27) -> -13.32
A28: 45219 | B28: =C27 -> 1041838.8 | C28: 1048229.5 | D28: =SUM(C28-B28) -> 6390.65 | E28: =F27 -> 14972.39 | F28: 16506.52 | G28: =SUM(F28-E28) -> 1534.13 | H28: =I27 -> 310433.54 | I28: 312593.22 | J28: =SUM(I28-H28) -> 2159.68 | K28: =L27 -> 112464.4 | L28: 112993.08 | M28: =SUM(L28-K28) -> 528.68 | N28: =O27 -> 189682.08 | O28: 190705.68 | P28: =SUM(O28-N28-V28) -> 693.76 | Q28: =R27 -> 137904.72 | R28: 138507.6 | S28: =SUM(R28-Q28) -> 602.88 | T28: =U27 -> 36964.84 | U28: 37294.68 | V28: =SUM(U28-T28) -> 329.84 | W28: =X27 -> 70151.21 | X28: 70434.03 | Y28: =SUM(X28-W28) -> 282.82 | Z28: =AA27 -> 38615.45 | AA28: 38768.53 | AB28: =SUM(AA28-Z28) -> 153.08 | AC28: =AD27 -> 17334 | AD28: 17420 | AE28: =SUM(AD28-AC28) -> 86 | AF28: =SUM(AB28+Y28+V28+S28+P28+M28+J28+D28+AE28+G28) -> 12761.52 | AG28: =AH27 -> 1979566.4 | AH28: 1992599.7 | AI28: =SUM(AH28-AG28) -> 13033.28 | AJ28: =SUM(AI28-AF28) -> 271.76
A29: 45220 | B29: =C28 -> 1048229.5 | C29: 1054727.5 | D29: =SUM(C29-B29) -> 6498.06 | E29: =F28 -> 16506.52 | F29: 17012.1 | G29: =SUM(F29-E29) -> 505.58 | H29: =I28 -> 312593.22 | I29: 314956.54 | J29: =SUM(I29-H29) -> 2363.32 | K29: =L28 -> 112993.08 | L29: 113409.4 | M29: =SUM(L29-K29) -> 416.32 | N29: =O28 -> 190705.68 | O29: 191709.68 | P29: =SUM(O29-N29-V29) -> 689.56 | Q29: =R28 -> 138507.6 | R29: 139071.68 | S29: =SUM(R29-Q29) -> 564.08 | T29: =U28 -> 37294.68 | U29: 37609.12 | V29: =SUM(U29-T29) -> 314.44 | W29: =X28 -> 70434.03 | X29: 70695.22 | Y29: =SUM(X29-W29) -> 261.19 | Z29: =AA28 -> 38768.53 | AA29: 38898.92 | AB29: =SUM(AA29-Z29) -> 130.39 | AC29: =AD28 -> 17420 | AD29: 17700 | AE29: =SUM(AD29-AC29) -> 280 | AF29: =SUM(AB29+Y29+V29+S29+P29+M29+J29+D29+AE29+G29) -> 12022.94 | AG29: =AH28 -> 1992599.7 | AH29: 2004638.8 | AI29: =SUM(AH29-AG29) -> 12039.09 | AJ29: =SUM(AI29-AF29) -> 16.15
A30: 45221 | B30: =C29 -> 1054727.5 | C30: 1060675 | D30: =SUM(C30-B30) -> 5947.49 | E30: =F29 -> 17012.1 | F30: 17048 | G30: =SUM(F30-E30) -> 35.9 | H30: =I29 -> 314956.54 | I30: 317303.94 | J30: =SUM(I30-H30) -> 2347.4 | K30: =L29 -> 113409.4 | L30: 113851.28 | M30: =SUM(L30-K30) -> 441.88 | N30: =O29 -> 191709.68 | O30: 192634.32 | P30: =SUM(O30-N30-V30) -> 627.56 | Q30: =R29 -> 139071.68 | R30: 139580.72 | S30: =SUM(R30-Q30) -> 509.04 | T30: =U29 -> 37609.12 | U30: 37906.2 | V30: =SUM(U30-T30) -> 297.08 | W30: =X29 -> 70695.22 | X30: 70910.87 | Y30: =SUM(X30-W30) -> 215.65 | Z30: =AA29 -> 38898.92 | AA30: 39044.83 | AB30: =SUM(AA30-Z30) -> 145.91 | AC30: =AD29 -> 17700 | AD30: 17923 | AE30: =SUM(AD30-AC30) -> 223 | AF30: =SUM(AB30+Y30+V30+S30+P30+M30+J30+D30+AE30+G30) -> 10790.91 | AG30: =AH29 -> 2004638.8 | AH30: 2015468.6 | AI30: =SUM(AH30-AG30) -> 10829.81 | AJ30: =SUM(AI30-AF30) -> 38.9
A31: 45222 | B31: =C30 -> 1060675 | C31: 1066738.8 | D31: =SUM(C31-B31) -> 6063.81 | E31: =F30 -> 17048 | F31: 17329.48 | G31: =SUM(F31-E31) -> 281.48 | H31: =I30 -> 317303.94 | I31: 319628.8 | J31: =SUM(I31-H31) -> 2324.86 | K31: =L30 -> 113851.28 | L31: 114231.12 | M31: =SUM(L31-K31) -> 379.84 | N31: =O30 -> 192634.32 | O31: 193649.52 | P31: =SUM(O31-N31-V31) -> 682.96 | Q31: =R30 -> 139580.72 | R31: 140120.08 | S31: =SUM(R31-Q31) -> 539.36 | T31: =U30 -> 37906.2 | U31: 38238.44 | V31: =SUM(U31-T31) -> 332.24 | W31: =X30 -> 70910.87 | X31: 71163.59 | Y31: =SUM(X31-W31) -> 252.72 | Z31: =AA30 -> 39044.83 | AA31: 39204.7 | AB31: =SUM(AA31-Z31) -> 159.87 | AC31: =AD30 -> 17923 | AD31: 18252 | AE31: =SUM(AD31-AC31) -> 329 | AF31: =SUM(AB31+Y31+V31+S31+P31+M31+J31+D31+AE31+G31) -> 11346.14 | AG31: =AH30 -> 2015468.6 | AH31: 2026849.5 | AI31: =SUM(AH31-AG31) -> 11380.9 | AJ31: =SUM(AI31-AF31) -> 34.76
A32: 45223 | B32: =C31 -> 1066738.8 | C32: 1072613.1 | D32: =SUM(C32-B32) -> 5874.21 | E32: =F31 -> 17329.48 | F32: 18176.08 | G32: =SUM(F32-E32) -> 846.6 | H32: =I31 -> 319628.8 | I32: 322122.82 | J32: =SUM(I32-H32) -> 2494.02 | K32: =L31 -> 114231.12 | L32: 114692.4 | M32: =SUM(L32-K32) -> 461.28 | N32: =O31 -> 193649.52 | O32: 194636.56 | P32: =SUM(O32-N32-V32) -> 680.56 | Q32: =R31 -> 140120.08 | R32: 140721.28 | S32: =SUM(R32-Q32) -> 601.2 | T32: =U31 -> 38238.44 | U32: 38544.92 | V32: =SUM(U32-T32) -> 306.48 | W32: =X31 -> 71163.59 | X32: 71438.2 | Y32: =SUM(X32-W32) -> 274.61 | Z32: =AA31 -> 39204.7 | AA32: 39374.04 | AB32: =SUM(AA32-Z32) -> 169.34 | AC32: =AD31 -> 18252 | AD32: 18566 | AE32: =SUM(AD32-AC32) -> 314 | AF32: =SUM(AB32+Y32+V32+S32+P32+M32+J32+D32+AE32+G32) -> 12022.3 | AG32: =AH31 -> 2026849.5 | AH32: 2038994.5 | AI32: =SUM(AH32-AG32) -> 12144.94 | AJ32: =SUM(AI32-AF32) -> 122.64
A33: 45224 | B33: =C32 -> 1072613.1 | C33: 1079132.9 | D33: =SUM(C33-B33) -> 6519.85 | E33: =F32 -> 18176.08 | F33: 19488.23 | G33: =SUM(F33-E33) -> 1312.15 | H33: =I32 -> 322122.82 | I33: 324721.98 | J33: =SUM(I33-H33) -> 2599.16 | K33: =L32 -> 114692.4 | L33: 115211.92 | M33: =SUM(L33-K33) -> 519.52 | N33: =O32 -> 194636.56 | O33: 195692.56 | P33: =SUM(O33-N33-V33) -> 713.32 | Q33: =R32 -> 140721.28 | R33: 141477.44 | S33: =SUM(R33-Q33) -> 756.16 | T33: =U32 -> 38544.92 | U33: 38887.6 | V33: =SUM(U33-T33) -> 342.68 | W33: =X32 -> 71438.2 | X33: 71707.17 | Y33: =SUM(X33-W33) -> 268.97 | Z33: =AA32 -> 39374.04 | AA33: 39563.49 | AB33: =SUM(AA33-Z33) -> 189.45 | AC33: =AD32 -> 18566 | AD33: 18888 | AE33: =SUM(AD33-AC33) -> 322 | AF33: =SUM(AB33+Y33+V33+S33+P33+M33+J33+D33+AE33+G33) -> 13543.26 | AG33: =AH32 -> 2038994.5 | AH33: 2052508.4 | AI33: =SUM(AH33-AG33) -> 13513.95 | AJ33: =SUM(AI33-AF33) -> -29.31
A34: 45225 | B34: =C33 -> 1079132.9 | C34: 1085684.8 | D34: =SUM(C34-B34) -> 6551.9 | E34: =F33 -> 19488.23 | F34: 20956.89 | G34: =SUM(F34-E34) -> 1468.66 | H34: =I33 -> 324721.98 | I34: 327377.12 | J34: =SUM(I34-H34) -> 2655.14 | K34: =L33 -> 115211.92 | L34: 115659.84 | M34: =SUM(L34-K34) -> 447.92 | N34: =O33 -> 195692.56 | O34: 196754.48 | P34: =SUM(O34-N34-V34) -> 749.03 | Q34: =R33 -> 141477.44 | R34: 142194.88 | S34: =SUM(R34-Q34) -> 717.44 | T34: =U33 -> 38887.6 | U34: 39200.49 | V34: =SUM(U34-T34) -> 312.89 | W34: =X33 -> 71707.17 | X34: 71958.02 | Y34: =SUM(X34-W34) -> 250.85 | Z34: =AA33 -> 39563.49 | AA34: 39751.5 | AB34: =SUM(AA34-Z34) -> 188.01 | AC34: =AD33 -> 18888 | AD34: 19238 | AE34: =SUM(AD34-AC34) -> 350 | AF34: =SUM(AB34+Y34+V34+S34+P34+M34+J34+D34+AE34+G34) -> 13691.84 | AG34: =AH33 -> 2052508.4 | AH34: 2066250.1 | AI34: =SUM(AH34-AG34) -> 13741.69 | AJ34: =SUM(AI34-AF34) -> 49.85
A35: 45226 | B35: =C34 -> 1085684.8 | C35: 1091277.4 | D35: =SUM(C35-B35) -> 5592.59 | E35: =F34 -> 20956.89 | F35: 22576.51 | G35: =SUM(F35-E35) -> 1619.62 | H35: =I34 -> 327377.12 | I35: 329885.72 | J35: =SUM(I35-H35) -> 2508.6 | K35: =L34 -> 115659.84 | L35: 116044.32 | M35: =SUM(L35-K35) -> 384.48 | N35: =O34 -> 196754.48 | O35: 197835.52 | P35: =SUM(O35-N35-V35) -> 744.33 | Q35: =R34 -> 142194.88 | R35: 142770.4 | S35: =SUM(R35-Q35) -> 575.52 | T35: =U34 -> 39200.49 | U35: 39537.2 | V35: =SUM(U35-T35) -> 336.71 | W35: =X34 -> 71958.02 | X35: 72200.83 | Y35: =SUM(X35-W35) -> 242.81 | Z35: =AA34 -> 39751.5 | AA35: 39936.72 | AB35: =SUM(AA35-Z35) -> 185.22 | AC35: =AD34 -> 19238 | AD35: 19788 | AE35: =SUM(AD35-AC35) -> 550 | AF35: =SUM(AB35+Y35+V35+S35+P35+M35+J35+D35+AE35+G35) -> 12739.88 | AG35: =AH34 -> 2066250.1 | AH35: 2078837.8 | AI35: =SUM(AH35-AG35) -> 12587.66 | AJ35: =SUM(AI35-AF35) -> -152.22
A36: 45227 | B36: =C35 -> 1091277.4 | C36: 1097307.2 | D36: =SUM(C36-B36) -> 6029.78 | E36: =F35 -> 22576.51 | F36: 23967.39 | G36: =SUM(F36-E36) -> 1390.88 | H36: =I35 -> 329885.72 | I36: 331442.72 | J36: =SUM(I36-H36) -> 1557 | K36: =L35 -> 116044.32 | L36: 116389.24 | M36: =SUM(L36-K36) -> 344.92 | N36: =O35 -> 197835.52 | O36: 198817.76 | P36: =SUM(O36-N36-V36) -> 670.24 | Q36: =R35 -> 142770.4 | R36: 143291.68 | S36: =SUM(R36-Q36) -> 521.28 | T36: =U35 -> 39537.2 | U36: 39849.2 | V36: =SUM(U36-T36) -> 312 | W36: =X35 -> 72200.83 | X36: 72443.62 | Y36: =SUM(X36-W36) -> 242.79 | Z36: =AA35 -> 39936.72 | AA36: 40071.26 | AB36: =SUM(AA36-Z36) -> 134.54 | AC36: =AD35 -> 19788 | AD36: 20113 | AE36: =SUM(AD36-AC36) -> 325 | AF36: =SUM(AB36+Y36+V36+S36+P36+M36+J36+D36+AE36+G36) -> 11528.43 | AG36: =AH35 -> 2078837.8 | AH36: 2090404.3 | AI36: =SUM(AH36-AG36) -> 11566.54 | AJ36: =SUM(AI36-AF36) -> 38.11
A37: 45228 | B37: =C36 -> 1097307.2 | C37: 1103208.3 | D37: =SUM(C37-B37) -> 5901.16 | E37: =F36 -> 23967.39 | F37: 24007.91 | G37: =SUM(F37-E37) -> 40.52 | H37: =I36 -> 331442.72 | I37: 332177.76 | J37: =SUM(I37-H37) -> 735.04 | K37: =L36 -> 116389.24 | L37: 116669.76 | M37: =SUM(L37-K37) -> 280.52 | N37: =O36 -> 198817.76 | O37: 199919.2 | P37: =SUM(O37-N37-V37) -> 799.44 | Q37: =R36 -> 143291.68 | R37: 143779.68 | S37: =SUM(R37-Q37) -> 488 | T37: =U36 -> 39849.2 | U37: 40151.2 | V37: =SUM(U37-T37) -> 302 | W37: =X36 -> 72443.62 | X37: 72608.43 | Y37: =SUM(X37-W37) -> 164.81 | Z37: =AA36 -> 40071.26 | AA37: 40134.55 | AB37: =SUM(AA37-Z37) -> 63.29 | AC37: =AD36 -> 20113 | AD37: 20397 | AE37: =SUM(AD37-AC37) -> 284 | AF37: =SUM(AB37+Y37+V37+S37+P37+M37+J37+D37+AE37+G37) -> 9058.78 | AG37: =AH36 -> 2090404.3 | AH37: 2099293 | AI37: =SUM(AH37-AG37) -> 8888.69 | AJ37: =SUM(AI37-AF37) -> -170.09
... A39: 45230 | B39: =C38 -> 1109380.9 | C39: 1115647.8 | D39: =SUM(C39-B39) -> 6266.86 | E39: =F38 -> 24599.31 | F39: 25005.61 | G39: =SUM(F39-E39) -> 406.3 | H39: =I38 -> 332781.76 | I39: 333318.08 | J39: =SUM(I39-H39) -> 536.32 | K39: =L38 -> 116980.84 | L39: 117270.52 | M39: =SUM(L39-K39) -> 289.68 | N39: =O38 -> 200659.28 | O39: 201626.96 | P39: =SUM(O39-N39-V39) -> 645.96 | Q39: =R38 -> 144396.48 | R39: 144941.84 | S39: =SUM(R39-Q39) -> 545.36 | T39: =U38 -> 40454.12 | U39: 40775.84 | V39: =SUM(U39-T39) -> 321.72 | W39: =X38 -> 72783.31 | X39: 72935.43 | Y39: =SUM(X39-W39) -> 152.12 | Z39: =AA38 -> 40207.64 | AA39: 40273.93 | AB39: =SUM(AA39-Z39) -> 66.29 | AC39: =AD38 -> 20698 | AD39: 21012 | AE39: =SUM(AD39-AC39) -> 314 | AF39: =SUM(AB39+Y39+V39+S39+P39+M39+J39+D39+AE39+G39) -> 9544.61 | AG39: =AH38 -> 2109092.5 | AH39: 2118704.8 | AI39: =SUM(AH39-AG39) -> 9612.21 | AJ39: =SUM(AI39-AF39) -> 67.6
A40: 45231 | B40: =C39 -> 1115647.8 | D40: =SUM(C40-B40) -> -1115647.8 | E40: =F39 -> 25005.61 | G40: =SUM(F40-E40) -> -25005.61 | H40: =I39 -> 333318.08 | J40: =SUM(I40-H40) -> -333318.08 | K40: =L39 -> 117270.52 | M40: =SUM(L40-K40) -> -117270.52 | N40: =O39 -> 201626.96 | P40: =SUM(O40-N40-V40) -> -160851.12 | Q40: =R39 -> 144941.84 | S40: =SUM(R40-Q40) -> -144941.84 | T40: =U39 -> 40775.84 | V40: =SUM(U40-T40) -> -40775.84 | W40: =X39 -> 72935.43 | Y40: =SUM(X40-W40) -> -72935.43 | Z40: =AA39 -> 40273.93 | AB40: =SUM(AA40-Z40) -> -40273.93 | AC40: =AD39 -> 21012 | AE40: =SUM(AD40-AC40) -> -21012 | AF40: =SUM(AB40+Y40+V40+S40+P40+M40+J40+D40+AE40+G40) -> -2072032.2 | AG40: =AH39 -> 2118704.8 | AI40: =SUM(AH40-AG40) -> -2118704.8 | AJ40: =SUM(AI40-AF40) -> -46672.6
A41: Total KWH | D41: =SUM(D8:D38) -> 175413.13 | G41: =SUM(G9:G38) -> 23128.43 | J41: =SUM(J9:J38) -> 53521.16 | M41: =SUM(M9:M38) -> 14364.44 | P41: =SUM(P9:P38) -> 19274.28 | S41: =SUM(S9:S38) -> 17984.24 | V41: =SUM(V9:V38) -> 9307.88 | Y41: =SUM(Y9:Y38) -> 7148.57 | AB41: =SUM(AB9:AB38) -> 4263.24 | AE41: =SUM(AE9:AE38) -> 9647 | AI41: =SUM(AI9:AI39) -> 345656.86

Sheet Nov 2023
A2: KWH Report November 2023 | N2: KWH Report November 2023
A3: DATE | B3: KWH reading of the Month of November 2023
B5: Busway 1 (PRE AND POST BLOW ROOM + DRYER +BLEACHING MACHINES+ STAMP PRESS+ CAKE OPENOR+ CENTRIFUGE+ BALE PRESS) | E5: Busway 2 (PRE AND POST BLOW ROOM + DRYER +BLEACHING MACHINES+ STAMP PRESS+ CAKE OPENOR+ CENTRIFUGE+ BALE PRESS+ LAWER) | H5: MCC-1(EXHAUST FAN+ FA FAN+ DRYER FAN+ SUBMERSIBLE PUMP +RECYCLE PUMP) | K5: MCC-2 (FA FAN +EXHAUST FAN CHEMICAL AREA+CAUSTIC FEED PUMP+WASTE WATER PUMP) | N5: MCC-3 (COMPRESSOR +FA FAN+ EXHAUST FAN)+BOILER) | Q5: MCC-4 (SOFTENING PUMP+UV PUMP+FEED PUMP+ CAUSTIC PUMP+RAW WATER PUMP+ CHEMICAL AREA) | T5: MCC-5 (Boiler) | W5: LPDB-1 (PHASE 1 AND 2 LIGHTENING LOAD) | Z5: LPDB-2 (PRE BLOW ROOM LIGHTENING LOAD) | AC5: LPDB OFFICE
B6: Opening | C6: Closing | D6: Total Units Kwh / day | E6: Opening | F6: Closing | G6: Total Units Kwh / day | H6: Opening | I6: Closing | J6: Total Units Kwh / day | K6: Opening | L6: Closing | M6: Total Units Kwh / day | N6: Opening | O6: Closing | P6: Total Units Kwh / day | Q6: Opening | R6: Closing | S6: Total Units Kwh /day | T6: Opening | U6: Closing | V6: Total Units Kwh /day | W6: Opening | X6: Closing | Y6: Total Units Kwh /day | Z6: Opening | AA6: Closing | AB6: Total Units Kwh /day | AC6: Opening | AD6: Closing | AE6: Total Units Kwh /day | AF6: Total consumed | AG6: Main Incoming | AJ6: Diff b/w main LT and consumption
AG7: Opening | AH7: Closing | AI7: Total Units Kwh / day
A8: 45231 | B8: ='Oct 2023'!B40 -> 1115647.8 | C8: 1121478.9 | D8: =SUM(C8-B8) -> 5831.06 | E8: ='Oct 2023'!E40 -> 25005.61 | F8: 25337.96 | G8: =SUM(F8-E8) -> 332.35 | H8: ='Oct 2023'!H40 -> 333318.08 | I8: 333796.8 | J8: =SUM(I8-H8) -> 478.72 | K8: ='Oct 2023'!K40 -> 117270.52 | L8: 117564.4 | M8: =SUM(L8-K8) -> 293.88 | N8: ='Oct 2023'!N40 -> 201626.96 | O8: 202492.24 | P8: =SUM(O8-N8-V8) -> 283.84 | Q8: ='Oct 2023'!Q40 -> 144941.84 | R8: 145476.96 | S8: =SUM(R8-Q8) -> 535.12 | T8: ='Oct 2023'!T39 -> 40454.12 | U8: 41035.56 | V8: =SUM(U8-T8) -> 581.44 | W8: ='Oct 2023'!W40 -> 72935.43 | X8: 73094.21 | Y8: =SUM(X8-W8) -> 158.78 | Z8: ='Oct 2023'!Z40 -> 40273.93 | AA8: 40331.64 | AB8: =SUM(AA8-Z8) -> 57.71 | AC8: ='Oct 2023'!AC40 -> 21012 | AD8: 21338 | AE8: =SUM(AD8-AC8) -> 326 | AF8: =SUM(AB8+Y8+V8+S8+P8+M8+J8+D8+AE8+G8) -> 8878.9 | AG8: ='Oct 2023'!AG40 -> 2118704.8 | AH8: 2127500.2 | AI8: =SUM(AH8-AG8) -> 8795.44 | AJ8: =SUM(AI8-AF8) -> -83.46
A9: 45232 | B9: =C8 -> 1121478.9 | C9: 1127888.2 | D9: =SUM(C9-B9) -> 6409.37 | E9: =F8 -> 25337.96 | F9: 26281.47 | G9: =SUM(F9-E9) -> 943.51 | H9: =I8 -> 333796.8 | I9: 334284.48 | J9: =SUM(I9-H9) -> 487.68 | K9: =L8 -> 117564.4 | L9: 117943.56 | M9: =SUM(L9-K9) -> 379.16 | N9: =O8 -> 202492.24 | O9: 203514.8 | P9: =SUM(O9-N9-V9) -> 681.72 | Q9: =R8 -> 145476.96 | R9: 146203.28 | S9: =SUM(R9-Q9) -> 726.32 | T9: =U8 -> 41035.56 | U9: 41376.4 | V9: =SUM(U9-T9) -> 340.84 | W9: =X8 -> 73094.21 | X9: 73272.06 | Y9: =SUM(X9-W9) -> 177.85 | Z9: =AA8 -> 40331.64 | AA9: 40387.25 | AB9: =SUM(AA9-Z9) -> 55.61 | AC9: =AD8 -> 21338 | AD9: 21671 | AE9: =SUM(AD9-AC9) -> 333 | AF9: =SUM(AB9+Y9+V9+S9+P9+M9+J9+D9+AE9+G9) -> 10535.06 | AG9: =AH8 -> 2127500.2 | AH9: 2138190.2 | AI9: =SUM(AH9-AG9) -> 10690.04 | AJ9: =SUM(AI9-AF9) -> 154.98
A10: 45233 | B10: =C9 -> 1127888.2 | C10: 1134465.7 | D10: =SUM(C10-B10) -> 6577.5 | E10: =F9 -> 26281.47 | F10: 27470.76 | G10: =SUM(F10-E10) -> 1189.29 | H10: =I9 -> 334284.48 | I10: 334904.7 | J10: =SUM(I10-H10) -> 620.22 | K10: =L9 -> 117943.56 | L10: 118271.2 | M10: =SUM(L10-K10) -> 327.64 | N10: =O9 -> 203514.8 | O10: 204519.28 | P10: =SUM(O10-N10-V10) -> 687.12 | Q10: =R9 -> 146203.28 | R10: 146936.04 | S10: =SUM(R10-Q10) -> 732.76 | T10: =U9 -> 41376.4 | U10: 41693.76 | V10: =SUM(U10-T10) -> 317.36 | W10: =X9 -> 73272.06 | X10: 73441.45 | Y10: =SUM(X10-W10) -> 169.39 | Z10: =AA9 -> 40387.25 | AA10: 40436.04 | AB10: =SUM(AA10-Z10) -> 48.79 | AC10: =AD9 -> 21671 | AD10: 21999 | AE10: =SUM(AD10-AC10) -> 328 | AF10: =SUM(AB10+Y10+V10+S10+P10+M10+J10+D10+AE10+G10) -> 10998.07 | AG10: =AH9 -> 2138190.2 | AH10: 2149228.9 | AI10: =SUM(AH10-AG10) -> 11038.68 | AJ10: =SUM(AI10-AF10) -> 40.61
A11: 45234 | B11: =C10 -> 1134465.7 | C11: 1141062.8 | D11: =SUM(C11-B11) -> 6597.08 | E11: =F10 -> 27470.76 | F11: 28612.3 | G11: =SUM(F11-E11) -> 1141.54 | H11: =I10 -> 334904.7 | I11: 335462.88 | J11: =SUM(I11-H11) -> 558.18 | K11: =L10 -> 118271.2 | L11: 118601.28 | M11: =SUM(L11-K11) -> 330.08 | N11: =O10 -> 204519.28 | O11: 205552.16 | P11: =SUM(O11-N11-V11) -> 697.52 | Q11: =R10 -> 146936.04 | R11: 147715.36 | S11: =SUM(R11-Q11) -> 779.32 | T11: =U10 -> 41693.76 | U11: 42029.12 | V11: =SUM(U11-T11) -> 335.36 | W11: =X10 -> 73441.45 | X11: 73583.39 | Y11: =SUM(X11-W11) -> 141.94 | Z11: =AA10 -> 40436.04 | AA11: 40476.78 | AB11: =SUM(AA11-Z11) -> 40.74 | AC11: =AD10 -> 21999 | AD11: 22393 | AE11: =SUM(AD11-AC11) -> 394 | AF11: =SUM(AB11+Y11+V11+S11+P11+M11+J11+D11+AE11+G11) -> 11015.76 | AG11: =AH10 -> 2149228.9 | AH11: 2160308.6 | AI11: =SUM(AH11-AG11) -> 11079.69 | AJ11: =SUM(AI11-AF11) -> 63.93
A12: 45235 | B12: =C11 -> 1141062.8 | C12: 1147326.8 | D12: =SUM(C12-B12) -> 6263.96 | E12: =F11 -> 28612.3 | F12: 28645.66 | G12: =SUM(F12-E12) -> 33.36 | H12: =I11 -> 335462.88 | I12: 335959.44 | J12: =SUM(I12-H12) -> 496.56 | K12: =L11 -> 118601.28 | L12: 118803.44 | M12: =SUM(L12-K12) -> 202.16 | N12: =O11 -> 205552.16 | O12: 206505.76 | P12: =SUM(O12-N12-V12) -> 636.68 | Q12: =R11 -> 147715.36 | R12: 148274.88 | S12: =SUM(R12-Q12) -> 559.52 | T12: =U11 -> 42029.12 | U12: 42346.04 | V12: =SUM(U12-T12) -> 316.92 | W12: =X11 -> 73583.39 | X12: 73708.78 | Y12: =SUM(X12-W12) -> 125.39 | Z12: =AA11 -> 40476.78 | AA12: 40513.45 | AB12: =SUM(AA12-Z12) -> 36.67 | AC12: =AD11 -> 22393 | AD12: 22646 | AE12: =SUM(AD12-AC12) -> 253 | AF12: =SUM(AB12+Y12+V12+S12+P12+M12+J12+D12+AE12+G12) -> 8924.22 | AG12: =AH11 -> 2160308.6 | AH12: 2169275.5 | AI12: =SUM(AH12-AG12) -> 8966.9 | AJ12: =SUM(AI12-AF12) -> 42.68
A13: 45236 | B13: =C12 -> 1147326.8 | C13: 1153582.2 | D13: =SUM(C13-B13) -> 6255.43 | E13: =F12 -> 28645.66 | F13: 30406.08 | G13: =SUM(F13-E13) -> 1760.42 | H13: =I12 -> 335959.44 | I13: 336709.12 | J13: =SUM(I13-H13) -> 749.68 | K13: =L12 -> 118803.44 | L13: 119140.84 | M13: =SUM(L13-K13) -> 337.4 | N13: =O12 -> 206505.76 | O13: 207527.6 | P13: =SUM(O13-N13-V13) -> 684.64 | Q13: =R12 -> 148274.88 | R13: 149010.08 | S13: =SUM(R13-Q13) -> 735.2 | T13: =U12 -> 42346.04 | U13: 42683.24 | V13: =SUM(U13-T13) -> 337.2 | W13: =X12 -> 73708.78 | X13: 73869.13 | Y13: =SUM(X13-W13) -> 160.35 | Z13: =AA12 -> 40513.45 | AA13: 40568.47 | AB13: =SUM(AA13-Z13) -> 55.02 | AC13: =AD12 -> 22646 | AD13: 22969 | AE13: =SUM(AD13-AC13) -> 323 | AF13: =SUM(AB13+Y13+V13+S13+P13+M13+J13+D13+AE13+G13) -> 11398.34 | AG13: =AH12 -> 2169275.5 | AH13: 2180705.5 | AI13: =SUM(AH13-AG13) -> 11429.98 | AJ13: =SUM(AI13-AF13) -> 31.64
A14: 45237 | B14: =C13 -> 1153582.2 | C14: 1159201 | D14: =SUM(C14-B14) -> 5618.81 | E14: =F13 -> 30406.08 | F14: 31889.25 | G14: =SUM(F14-E14) -> 1483.17 | H14: =I13 -> 336709.12 | I14: 337334 | J14: =SUM(I14-H14) -> 624.88 | K14: =L13 -> 119140.84 | L14: 119450.96 | M14: =SUM(L14-K14) -> 310.12 | N14: =O13 -> 207527.6 | O14: 208554.1 | P14: =SUM(O14-N14-V14) -> 695.02 | Q14: =R13 -> 149010.08 | R14: 149737.84 | S14: =SUM(R14-Q14) -> 727.76 | T14: =U13 -> 42683.24 | U14: 43014.72 | V14: =SUM(U14-T14) -> 331.48 | W14: =X13 -> 73869.13 | X14: 74009.17 | Y14: =SUM(X14-W14) -> 140.04 | Z14: =AA13 -> 40568.47 | AA14: 40621.21 | AB14: =SUM(AA14-Z14) -> 52.74 | AC14: =AD13 -> 22969 | AD14: 23029 | AE14: =SUM(AD14-AC14) -> 60 | AF14: =SUM(AB14+Y14+V14+S14+P14+M14+J14+D14+AE14+G14) -> 10044.02 | AG14: =AH13 -> 2180705.5 | AH14: 2191054.6 | AI14: =SUM(AH14-AG14) -> 10349.16 | AJ14: =SUM(AI14-AF14) -> 305.14
A15: 45238 | B15: =C14 -> 1159201 | C15: 1163848.5 | D15: =SUM(C15-B15) -> 4647.5 | E15: =F14 -> 31889.25 | F15: 32881.23 | G15: =SUM(F15-E15) -> 991.98 | H15: =I14 -> 337334 | I15: 337852.08 | J15: =SUM(I15-H15) -> 518.08 | K15: =L14 -> 119450.96 | L15: 119724.48 | M15: =SUM(L15-K15) -> 273.52 | N15: =O14 -> 208554.1 | O15: 209486.56 | P15: =SUM(O15-N15-V15) -> 634.06 | Q15: =R14 -> 149737.84 | R15: 150208.88 | S15: =SUM(R15-Q15) -> 471.04 | T15: =U14 -> 43014.72 | U15: 43313.12 | V15: =SUM(U15-T15) -> 298.4 | W15: =X14 -> 74009.17 | X15: 74133.62 | Y15: =SUM(X15-W15) -> 124.45 | Z15: =AA14 -> 40621.21 | AA15: 40664.03 | AB15: =SUM(AA15-Z15) -> 42.82 | AC15: =AD14 -> 23029 | AD15: 23567 | AE15: =SUM(AD15-AC15) -> 538 | AF15: =SUM(AB15+Y15+V15+S15+P15+M15+J15+D15+AE15+G15) -> 8539.85 | AG15: =AH14 -> 2191054.6 | AH15: 2199396 | AI15: =SUM(AH15-AG15) -> 8341.39 | AJ15: =SUM(AI15-AF15) -> -198.46
A16: 45240 | B16: =C15 -> 1163848.5 | C16: 1165321.8 | D16: =SUM(C16-B16) -> 1473.31 | E16: =F15 -> 32881.23 | F16: 34271.81 | G16: =SUM(F16-E16) -> 1390.58 | H16: =I15 -> 337852.08 | I16: 338208.32 | J16: =SUM(I16-H16) -> 356.24 | K16: =L15 -> 119724.48 | L16: 119896.28 | M16: =SUM(L16-K16) -> 171.8 | N16: =O15 -> 209486.56 | O16: 210161.92 | P16: =SUM(O16-N16-V16) -> 448 | Q16: =R15 -> 150208.88 | R16: 150715.76 | S16: =SUM(R16-Q16) -> 506.88 | T16: =U15 -> 43313.12 | U16: 43540.48 | V16: =SUM(U16-T16) -> 227.36 | W16: =X15 -> 74133.62 | X16: 74281.04 | Y16: =SUM(X16-W16) -> 147.42 | Z16: =AA15 -> 40664.03 | AA16: 40716.37 | AB16: =SUM(AA16-Z16) -> 52.34 | AC16: =AD15 -> 23567 | AD16: 23892 | AE16: =SUM(AD16-AC16) -> 325 | AF16: =SUM(AB16+Y16+V16+S16+P16+M16+J16+D16+AE16+G16) -> 5098.93 | AG16: =AH15 -> 2199396 | AH16: 2204504.5 | AI16: =SUM(AH16-AG16) -> 5108.5 | AJ16: =SUM(AI16-AF16) -> 9.57
A17: 45241 | B17: =C16 -> 1165321.8 | C17: 1167980 | D17: =SUM(C17-B17) -> 2658.19 | E17: =F16 -> 34271.81 | F17: 34900.11 | G17: =SUM(F17-E17) -> 628.3 | H17: =I16 -> 338208.32 | I17: 338550.23 | J17: =SUM(I17-H17) -> 341.91 | K17: =L16 -> 119896.28 | L17: 120050.23 | M17: =SUM(L17-K17) -> 153.95 | N17: =O16 -> 210161.92 | O17: 210770.48 | P17: =SUM(O17-N17-V17) -> 408.63 | Q17: =R16 -> 150715.76 | R17: 151121.63 | S17: =SUM(R17-Q17) -> 405.87 | T17: =U16 -> 43540.48 | U17: 43740.41 | V17: =SUM(U17-T17) -> 199.93 | W17: =X16 -> 74281.04 | X17: 74380.21 | Y17: =SUM(X17-W17) -> 99.17 | Z17: =AA16 -> 40716.37 | AA17: 40750.23 | AB17: =SUM(AA17-Z17) -> 33.86 | AC17: =AD16 -> 23892 | AD17: 24110 | AE17: =SUM(AD17-AC17) -> 218 | AF17: =SUM(AB17+Y17+V17+S17+P17+M17+J17+D17+AE17+G17) -> 5147.81 | AG17: =AH16 -> 2204504.5 | AH17: 2209780.7 | AI17: =SUM(AH17-AG17) -> 5276.2 | AJ17: =SUM(AI17-AF17) -> 128.39
A18: 45242 | B18: =C17 -> 1167980 | C18: 1171668.5 | D18: =SUM(C18-B18) -> 3688.51 | E18: =F17 -> 34900.11 | F18: 34969.07 | G18: =SUM(F18-E18) -> 68.96 | H18: =I17 -> 338550.23 | I18: 338825.6 | J18: =SUM(I18-H18) -> 275.37 | K18: =L17 -> 120050.23 | L18: 120159.44 | M18: =SUM(L18-K18) -> 109.21 | N18: =O17 -> 210770.48 | O18: 211320.48 | P18: =SUM(O18-N18-V18) -> 385.89 | Q18: =R17 -> 151121.63 | R18: 151339.84 | S18: =SUM(R18-Q18) -> 218.21 | T18: =U17 -> 43740.41 | U18: 43904.52 | V18: =SUM(U18-T18) -> 164.11 | W18: =X17 -> 74380.21 | X18: 74446.35 | Y18: =SUM(X18-W18) -> 66.14 | Z18: =AA17 -> 40750.23 | AA18: 40774.68 | AB18: =SUM(AA18-Z18) -> 24.45 | AC18: =AD17 -> 24110 | AD18: 24276 | AE18: =SUM(AD18-AC18) -> 166 | AF18: =SUM(AB18+Y18+V18+S18+P18+M18+J18+D18+AE18+G18) -> 5166.85 | AG18: =AH17 -> 2209780.7 | AH18: 2214876.6 | AI18: =SUM(AH18-AG18) -> 5095.86 | AJ18: =SUM(AI18-AF18) -> -70.99
A19: 45243 | B19: =C18 -> 1171668.5 | C19: 1175254.7 | D19: =SUM(C19-B19) -> 3586.19 | E19: =F18 -> 34969.07 | F19: 35744.01 | G19: =SUM(F19-E19) -> 774.94 | H19: =I18 -> 338825.6 | I19: 339203.9 | J19: =SUM(I19-H19) -> 378.3 | K19: =L18 -> 120159.44 | L19: 120359.68 | M19: =SUM(L19-K19) -> 200.24 | N19: =O18 -> 211320.48 | O19: 212007.92 | P19: =SUM(O19-N19-V19) -> 486.08 | Q19: =R18 -> 151339.84 | R19: 151744.2 | S19: =SUM(R19-Q19) -> 404.36 | T19: =U18 -> 43904.52 | U19: 44105.88 | V19: =SUM(U19-T19) -> 201.36 | W19: =X18 -> 74446.35 | X19: 74542.45 | Y19: =SUM(X19-W19) -> 96.1 | Z19: =AA18 -> 40774.68 | AA19: 40810.59 | AB19: =SUM(AA19-Z19) -> 35.91 | AC19: =AD18 -> 24276 | AD19: 24551 | AE19: =SUM(AD19-AC19) -> 275 | AF19: =SUM(AB19+Y19+V19+S19+P19+M19+J19+D19+AE19+G19) -> 6438.48 | AG19: =AH18 -> 2214876.6 | AH19: 2221355.9 | AI19: =SUM(AH19-AG19) -> 6479.33 | AJ19: =SUM(AI19-AF19) -> 40.85
A20: 45244 | B20: =C19 -> 1175254.7 | C20: 1177793.2 | D20: =SUM(C20-B20) -> 2538.55 | E20: =F19 -> 35744.01 | F20: 36688.67 | G20: =SUM(F20-E20) -> 944.66 | H20: =I19 -> 339203.9 | I20: 339459.6 | J20: =SUM(I20-H20) -> 255.7 | K20: =L19 -> 120359.68 | L20: 120523.94 | M20: =SUM(L20-K20) -> 164.26 | N20: =O19 -> 212007.92 | O20: 212614.8 | P20: =SUM(O20-N20-V20) -> 416.08 | Q20: =R19 -> 151744.2 | R20: 152139.6 | S20: =SUM(R20-Q20) -> 395.4 | T20: =U19 -> 44105.88 | U20: 44296.68 | V20: =SUM(U20-T20) -> 190.8 | W20: =X19 -> 74542.45 | X20: 74604.06 | Y20: =SUM(X20-W20) -> 61.61 | Z20: =AA19 -> 40810.59 | AA20: 40834.58 | AB20: =SUM(AA20-Z20) -> 23.99 | AC20: =AD19 -> 24551 | AD20: 24795 | AE20: =SUM(AD20-AC20) -> 244 | AF20: =SUM(AB20+Y20+V20+S20+P20+M20+J20+D20+AE20+G20) -> 5235.05 | AG20: =AH19 -> 2221355.9 | AH20: 2226616.5 | AI20: =SUM(AH20-AG20) -> 5260.6 | AJ20: =SUM(AI20-AF20) -> 25.55
... A36: 45260 | B36: =C35 -> 1246396.3 | C36: 1251710.4 | D36: =SUM(C36-B36) -> 5314.15 | E36: =F35 -> 56649.04 | F36: 58237.76 | G36: =SUM(F36-E36) -> 1588.72 | H36: =I35 -> 346047.9 | I36: 346598.4 | J36: =SUM(I36-H36) -> 550.5 | K36: =L35 -> 124595.6 | L36: 124878.04 | M36: =SUM(L36-K36) -> 282.44 | N36: =O35 -> 225208.9 | O36: 226151.36 | P36: =SUM(O36-N36-V36) -> 679.5 | Q36: =R35 -> 160867.2 | R36: 161567.76 | S36: =SUM(R36-Q36) -> 700.56 | T36: =U35 -> 47933.52 | U36: 48196.48 | V36: =SUM(U36-T36) -> 262.96 | W36: =X35 -> 75929.95 | X36: 76050.57 | Y36: =SUM(X36-W36) -> 120.62 | Z36: =AA35 -> 41516.28 | AA36: 41563.5 | AB36: =SUM(AA36-Z36) -> 47.22 | AC36: =AD35 -> 28343 | AD36: 28566 | AE36: =SUM(AD36-AC36) -> 223 | AF36: =SUM(AB36+Y36+V36+S36+P36+M36+J36+D36+AE36+G36) -> 9769.67 | AG36: =AH35 -> 2353467.2 | AH36: 2363268.6 | AI36: =SUM(AH36-AG36) -> 9801.42 | AJ36: =SUM(AI36-AF36) -> 31.75
A38: Total KWH | D38: =SUM(D8:D36) -> 136062.66 | G38: =SUM(G8:G36) -> 33232.15 | J38: =SUM(J8:J36) -> 13280.32 | M38: =SUM(M8:M36) -> 7607.52 | P38: =SUM(P8:P36) -> 16782.04 | S38: =SUM(S8:S36) -> 16625.92 | V38: =SUM(V8:V36) -> 7742.36 | Y38: =SUM(Y8:Y36) -> 3115.14 | AB38: =SUM(AB8:AB36) -> 1289.57 | AE38: =SUM(AE8:AE36) -> 7554 | AF38: =SUM(AF8:AF36) -> 243291.68 | AI38: =SUM(AI8:AI36) -> 244563.86

Sheet Dec 2023
B2: KWH Report December 2023 | O2: KWH Report November 2023
B3: DATE | C3: KWH reading of the Month of December 2023
C5: Busway 1 (PRE AND POST BLOW ROOM + DRYER +BLEACHING MACHINES+ STAMP PRESS+ CAKE OPENOR+ CENTRIFUGE+ BALE PRESS) | F5: Busway 2 (PRE AND POST BLOW ROOM + DRYER +BLEACHING MACHINES+ STAMP PRESS+ CAKE OPENOR+ CENTRIFUGE+ BALE PRESS+ LAWER) | I5: MCC-1(EXHAUST FAN+ FA FAN+ DRYER FAN+ SUBMERSIBLE PUMP +RECYCLE PUMP) | L5: MCC-2 (FA FAN +EXHAUST FAN CHEMICAL AREA+CAUSTIC FEED PUMP+WASTE WATER PUMP) | O5: MCC-3 (COMPRESSOR +FA FAN+ EXHAUST FAN)+BOILER) | R5: MCC-4 (SOFTENING PUMP+UV PUMP+FEED PUMP+ CAUSTIC PUMP+RAW WATER PUMP+ CHEMICAL AREA) | U5: MCC-5 (Boiler) | X5: LPDB-1 (PHASE 1 AND 2 LIGHTENING LOAD) | AA5: LPDB-2 (PRE BLOW ROOM LIGHTENING LOAD) | AD5: LPDB OFFICE
C6: Opening | D6: Closing | E6: Total Units Kwh / day | F6: Opening | G6: Closing | H6: Total Units Kwh / day | I6: Opening | J6: Closing | K6: Total Units Kwh / day | L6: Opening | M6: Closing | N6: Total Units Kwh / day | O6: Opening | P6: Closing | Q6: Total Units Kwh / day | R6: Opening | S6: Closing | T6: Total Units Kwh /day | U6: Opening | V6: Closing | W6: Total Units Kwh /day | X6: Opening | Y6: Closing | Z6: Total Units Kwh /day | AA6: Opening | AB6: Closing | AC6: Total Units Kwh /day | AD6: Opening | AE6: Closing | AF6: Total Units Kwh /day | AG6: Total consumed | AH6: Main Incoming | AK6: Diff b/w main LT and consumption
AH7: Opening | AI7: Closing | AJ7: Total Units Kwh / day
B8: 45261 | C8: =+'Nov 2023'!C36 -> 1251710.4 | D8: 1257452 | E8: =SUM(D8-C8) -> 5741.59 | F8: =+'Nov 2023'!F36 -> 58237.76 | G8: 60106.43 | H8: =SUM(G8-F8) -> 1868.67 | I8: =+'Nov 2023'!I36 -> 346598.4 | J8: 347202.56 | K8: =SUM(J8-I8) -> 604.16 | L8: =+'Nov 2023'!L36 -> 124878.04 | M8: 125236.68 | N8: =SUM(M8-L8) -> 358.64 | O8: =+'Nov 2023'!O36 -> 226151.36 | P8: 227083.76 | Q8: =SUM(P8-O8-W8) -> 645.48 | R8: =+'Nov 2023'!R36 -> 161567.76 | S8: 162330.8 | T8: =SUM(S8-R8) -> 763.04 | U8: =+'Nov 2023'!U36 -> 48196.48 | V8: 48483.4 | W8: =SUM(V8-U8) -> 286.92 | X8: =+'Nov 2023'!X36 -> 76050.57 | Y8: 76156.73 | Z8: =SUM(Y8-X8) -> 106.16 | AA8: =+'Nov 2023'!AA36 -> 41563.5 | AB8: 41615.39 | AC8: =SUM(AB8-AA8) -> 51.89 | AD8: =+'Nov 2023'!AD36 -> 28566 | AE8: 28807 | AF8: =SUM(AE8-AD8) -> 241 | AG8: =SUM(AC8+Z8+W8+T8+Q8+N8+K8+E8+AF8+H8) -> 10667.55 | AH8: =+'Nov 2023'!AH36 -> 2363268.6 | AI8: 2373973.9 | AJ8: =SUM(AI8-AH8) -> 10705.3 | AK8: =SUM(AJ8-AG8) -> 37.75
B9: 45262 | C9: =+D8 -> 1257452 | D9: 1262905 | E9: =SUM(D9-C9) -> 5452.94 | F9: =+G8 -> 60106.43 | G9: 61812.89 | H9: =SUM(G9-F9) -> 1706.46 | I9: =+J8 -> 347202.56 | J9: 347795.6 | K9: =SUM(J9-I9) -> 593.04 | L9: =+M8 -> 125236.68 | M9: 125553.52 | N9: =SUM(M9-L9) -> 316.84 | O9: =+P8 -> 227083.76 | P9: 228076.48 | Q9: =SUM(P9-O9-W9) -> 713.4 | R9: =+S8 -> 162330.8 | S9: 162992 | T9: =SUM(S9-R9) -> 661.2 | U9: =+V8 -> 48483.4 | V9: 48762.72 | W9: =SUM(V9-U9) -> 279.32 | X9: =+Y8 -> 76156.73 | Y9: 76276.28 | Z9: =SUM(Y9-X9) -> 119.55 | AA9: =+AB8 -> 41615.39 | AB9: 41659.83 | AC9: =SUM(AB9-AA9) -> 44.44 | AD9: =+AE8 -> 28807 | AE9: 29057 | AF9: =SUM(AE9-AD9) -> 250 | AG9: =SUM(AC9+Z9+W9+T9+Q9+N9+K9+E9+AF9+H9) -> 10137.19 | AH9: =+AI8 -> 2373973.9 | AI9: 2384159.2 | AJ9: =SUM(AI9-AH9) -> 10185.32 | AK9: =SUM(AJ9-AG9) -> 48.13
B10: 45263 | C10: =+D9 -> 1262905 | D10: 1267327.1 | E10: =SUM(D10-C10) -> 4422.12 | F10: =+G9 -> 61812.89 | G10: 61830.32 | H10: =SUM(G10-F10) -> 17.43 | I10: =+J9 -> 347795.6 | J10: 348092.72 | K10: =SUM(J10-I10) -> 297.12 | L10: =+M9 -> 125553.52 | M10: 125737.4 | N10: =SUM(M10-L10) -> 183.88 | O10: =+P9 -> 228076.48 | P10: 228944.16 | Q10: =SUM(P10-O10-W10) -> 638.44 | R10: =+S9 -> 162992 | S10: 163495.44 | T10: =SUM(S10-R10) -> 503.44 | U10: =+V9 -> 48762.72 | V10: 48991.96 | W10: =SUM(V10-U10) -> 229.24 | X10: =+Y9 -> 76276.28 | Y10: 76371.53 | Z10: =SUM(Y10-X10) -> 95.25 | AA10: =+AB9 -> 41659.83 | AB10: 41701.6 | AC10: =SUM(AB10-AA10) -> 41.77 | AD10: =+AE9 -> 29057 | AE10: 29248 | AF10: =SUM(AE10-AD10) -> 191 | AG10: =SUM(AC10+Z10+W10+T10+Q10+N10+K10+E10+AF10+H10) -> 6619.69 | AH10: =+AI9 -> 2384159.2 | AI10: 2390826 | AJ10: =SUM(AI10-AH10) -> 6666.74 | AK10: =SUM(AJ10-AG10) -> 47.05
B11: 45264 | C11: =+D10 -> 1267327.1 | D11: 1272361.1 | E11: =SUM(D11-C11) -> 5033.99 | F11: =+G10 -> 61830.32 | G11: 63794.29 | H11: =SUM(G11-F11) -> 1963.97 | I11: =+J10 -> 348092.72 | J11: 348622.08 | K11: =SUM(J11-I11) -> 529.36 | L11: =+M10 -> 125737.4 | M11: 126027.76 | N11: =SUM(M11-L11) -> 290.36 | O11: =+P10 -> 228944.16 | P11: 229917.2 | Q11: =SUM(P11-O11-W11) -> 719.52 | R11: =+S10 -> 163495.44 | S11: 164147.76 | T11: =SUM(S11-R11) -> 652.32 | U11: =+V10 -> 48991.96 | V11: 49245.48 | W11: =SUM(V11-U11) -> 253.52 | X11: =+Y10 -> 76371.53 | Y11: 76481.01 | Z11: =SUM(Y11-X11) -> 109.48 | AA11: =+AB10 -> 41701.6 | AB11: 41755.79 | AC11: =SUM(AB11-AA11) -> 54.19 | AD11: =+AE10 -> 29248 | AE11: 29500 | AF11: =SUM(AE11-AD11) -> 252 | AG11: =SUM(AC11+Z11+W11+T11+Q11+N11+K11+E11+AF11+H11) -> 9858.71 | AH11: =+AI10 -> 2390826 | AI11: 2400726 | AJ11: =SUM(AI11-AH11) -> 9899.98 | AK11: =SUM(AJ11-AG11) -> 41.27
B12: 45265 | C12: =+D11 -> 1272361.1 | D12: 1277518.9 | E12: =SUM(D12-C12) -> 5157.84 | F12: =+G11 -> 63794.29 | G12: 65401.74 | H12: =SUM(G12-F12) -> 1607.45 | I12: =+J11 -> 348622.08 | J12: 349143.2 | K12: =SUM(J12-I12) -> 521.12 | L12: =+M11 -> 126027.76 | M12: 126266.92 | N12: =SUM(M12-L12) -> 239.16 | O12: =+P11 -> 229917.2 | P12: 230779.68 | Q12: =SUM(P12-O12-W12) -> 619.16 | R12: =+S11 -> 164147.76 | S12: 164769.76 | T12: =SUM(S12-R12) -> 622 | U12: =+V11 -> 49245.48 | V12: 49488.8 | W12: =SUM(V12-U12) -> 243.32 | X12: =+Y11 -> 76481.01 | Y12: 76582.39 | Z12: =SUM(Y12-X12) -> 101.38 | AA12: =+AB11 -> 41755.79 | AB12: 41815.6 | AC12: =SUM(AB12-AA12) -> 59.81 | AD12: =+AE11 -> 29500 | AE12: 29735 | AF12: =SUM(AE12-AD12) -> 235 | AG12: =SUM(AC12+Z12+W12+T12+Q12+N12+K12+E12+AF12+H12) -> 9406.24 | AH12: =+AI11 -> 2400726 | AI12: 2410180 | AJ12: =SUM(AI12-AH12) -> 9453.99 | AK12: =SUM(AJ12-AG12) -> 47.75
B13: 45266 | C13: =+D12 -> 1277518.9 | D13: 1283151.8 | E13: =SUM(D13-C13) -> 5632.88 | F13: =+G12 -> 65401.74 | G13: 67378.74 | H13: =SUM(G13-F13) -> 1977 | I13: =+J12 -> 349143.2 | J13: 349727.44 | K13: =SUM(J13-I13) -> 584.24 | L13: =+M12 -> 126266.92 | M13: 126562.68 | N13: =SUM(M13-L13) -> 295.76 | O13: =+P12 -> 230779.68 | P13: 231715.12 | Q13: =SUM(P13-O13-W13) -> 660.48 | R13: =+S12 -> 164769.76 | S13: 165493.36 | T13: =SUM(S13-R13) -> 723.6 | U13: =+V12 -> 49488.8 | V13: 49763.76 | W13: =SUM(V13-U13) -> 274.96 | X13: =+Y12 -> 76582.39 | Y13: 76715.26 | Z13: =SUM(Y13-X13) -> 132.87 | AA13: =+AB12 -> 41815.6 | AB13: 41873.86 | AC13: =SUM(AB13-AA13) -> 58.26 | AD13: =+AE12 -> 29735 | AE13: 29952 | AF13: =SUM(AE13-AD13) -> 217 | AG13: =SUM(AC13+Z13+W13+T13+Q13+N13+K13+E13+AF13+H13) -> 10557.05 | AH13: =+AI12 -> 2410180 | AI13: 2420828.7 | AJ13: =SUM(AI13-AH13) -> 10648.76 | AK13: =SUM(AJ13-AG13) -> 91.71
B14: 45267 | C14: =+D13 -> 1283151.8 | D14: 1288582.6 | E14: =SUM(D14-C14) -> 5430.79 | F14: =+G13 -> 67378.74 | G14: 69102.04 | H14: =SUM(G14-F14) -> 1723.3 | I14: =+J13 -> 349727.44 | J14: 350277.4 | K14: =SUM(J14-I14) -> 549.96 | L14: =+M13 -> 126562.68 | M14: 126835.6 | N14: =SUM(M14-L14) -> 272.92 | O14: =+P13 -> 231715.12 | P14: 232672.88 | Q14: =SUM(P14-O14-W14) -> 721.36 | R14: =+S13 -> 165493.36 | S14: 166122.64 | T14: =SUM(S14-R14) -> 629.28 | U14: =+V13 -> 49763.76 | V14: 50000.16 | W14: =SUM(V14-U14) -> 236.4 | X14: =+Y13 -> 76715.26 | Y14: 76830.34 | Z14: =SUM(Y14-X14) -> 115.08 | AA14: =+AB13 -> 41873.86 | AB14: 41934.6 | AC14: =SUM(AB14-AA14) -> 60.74 | AD14: =+AE13 -> 29952 | AE14: 30190 | AF14: =SUM(AE14-AD14) -> 238 | AG14: =SUM(AC14+Z14+W14+T14+Q14+N14+K14+E14+AF14+H14) -> 9977.83 | AH14: =+AI13 -> 2420828.7 | AI14: 2430745 | AJ14: =SUM(AI14-AH14) -> 9916.29 | AK14: =SUM(AJ14-AG14) -> -61.54
B15: 45268 | C15: =+D14 -> 1288582.6 | D15: 1294153.6 | E15: =SUM(D15-C15) -> 5571 | F15: =+G14 -> 69102.04 | G15: 70991.1 | H15: =SUM(G15-F15) -> 1889.06 | I15: =+J14 -> 350277.4 | J15: 350875.7 | K15: =SUM(J15-I15) -> 598.3 | L15: =+M14 -> 126835.6 | M15: 127104.8 | N15: =SUM(M15-L15) -> 269.2 | O15: =+P14 -> 232672.88 | P15: 233548.32 | Q15: =SUM(P15-O15-W15) -> 596.8 | R15: =+S14 -> 166122.64 | S15: 166779.41 | T15: =SUM(S15-R15) -> 656.77 | U15: =+V14 -> 50000.16 | V15: 50278.8 | W15: =SUM(V15-U15) -> 278.64 | X15: =+Y14 -> 76830.34 | Y15: 76956.1 | Z15: =SUM(Y15-X15) -> 125.76 | AA15: =+AB14 -> 41934.6 | AB15: 41991.7 | AC15: =SUM(AB15-AA15) -> 57.1 | AD15: =+AE14 -> 30190 | AE15: 30365 | AF15: =SUM(AE15-AD15) -> 175 | AG15: =SUM(AC15+Z15+W15+T15+Q15+N15+K15+E15+AF15+H15) -> 10217.63 | AH15: =+AI14 -> 2430745 | AI15: 2441050.9 | AJ15: =SUM(AI15-AH15) -> 10305.9 | AK15: =SUM(AJ15-AG15) -> 88.27
B16: 45269 | C16: =+D15 -> 1294153.6 | D16: 1299500 | E16: =SUM(D16-C16) -> 5346.4 | F16: =+G15 -> 70991.1 | G16: 72818.2 | H16: =SUM(G16-F16) -> 1827.1 | I16: =+J15 -> 350875.7 | J16: 351449.92 | K16: =SUM(J16-I16) -> 574.22 | L16: =+M15 -> 127104.8 | M16: 127385.16 | N16: =SUM(M16-L16) -> 280.36 | O16: =+P15 -> 233548.32 | P16: 234537.8 | Q16: =SUM(P16-O16-W16) -> 712.56 | R16: =+S15 -> 166779.41 | S16: 167483.6 | T16: =SUM(S16-R16) -> 704.19 | U16: =+V15 -> 50278.8 | V16: 50555.72 | W16: =SUM(V16-U16) -> 276.92 | X16: =+Y15 -> 76956.1 | Y16: 77080.7 | Z16: =SUM(Y16-X16) -> 124.6 | AA16: =+AB15 -> 41991.7 | AB16: 42050.23 | AC16: =SUM(AB16-AA16) -> 58.53 | AD16: =+AE15 -> 30365 | AE16: 30594 | AF16: =SUM(AE16-AD16) -> 229 | AG16: =SUM(AC16+Z16+W16+T16+Q16+N16+K16+E16+AF16+H16) -> 10133.88 | AH16: =+AI15 -> 2441050.9 | AI16: 2451207.8 | AJ16: =SUM(AI16-AH16) -> 10156.9 | AK16: =SUM(AJ16-AG16) -> 23.02
B17: 45270 | C17: =+D16 -> 1299500 | D17: 1304755.2 | E17: =SUM(D17-C17) -> 5255.24 | F17: =+G16 -> 72818.2 | G17: 72838.6 | H17: =SUM(G17-F17) -> 20.4 | I17: =+J16 -> 351449.92 | J17: 351954.16 | K17: =SUM(J17-I17) -> 504.24 | L17: =+M16 -> 127385.16 | M17: 127621.24 | N17: =SUM(M17-L17) -> 236.08 | O17: =+P16 -> 234537.8 | P17: 235387.8 | Q17: =SUM(P17-O17-W17) -> 619.96 | R17: =+S16 -> 167483.6 | S17: 168062.64 | T17: =SUM(S17-R17) -> 579.04 | U17: =+V16 -> 50555.72 | V17: 50785.76 | W17: =SUM(V17-U17) -> 230.04 | X17: =+Y16 -> 77080.7 | Y17: 77222.11 | Z17: =SUM(Y17-X17) -> 141.41 | AA17: =+AB16 -> 42050.23 | AB17: 42080.99 | AC17: =SUM(AB17-AA17) -> 30.76 | AD17: =+AE16 -> 30594 | AE17: 30782 | AF17: =SUM(AE17-AD17) -> 188 | AG17: =SUM(AC17+Z17+W17+T17+Q17+N17+K17+E17+AF17+H17) -> 7805.17 | AH17: =+AI16 -> 2451207.8 | AI17: 2459071 | AJ17: =SUM(AI17-AH17) -> 7863.2 | AK17: =SUM(AJ17-AG17) -> 58.03
B18: 45271 | C18: =+D17 -> 1304755.2 | D18: 1310244.3 | E18: =SUM(D18-C18) -> 5489.06 | F18: =+G17 -> 72838.6 | G18: 74652.4 | H18: =SUM(G18-F18) -> 1813.8 | I18: =+J17 -> 351954.16 | J18: 352544.4 | K18: =SUM(J18-I18) -> 590.24 | L18: =+M17 -> 127621.24 | M18: 127944.5 | N18: =SUM(M18-L18) -> 323.26 | O18: =+P17 -> 235387.8 | P18: 236374.4 | Q18: =SUM(P18-O18-W18) -> 712.64 | R18: =+S17 -> 168062.64 | S18: 168740.72 | T18: =SUM(S18-R18) -> 678.08 | U18: =+V17 -> 50785.76 | V18: 51059.72 | W18: =SUM(V18-U18) -> 273.96 | X18: =+Y17 -> 77222.11 | Y18: 77293.16 | Z18: =SUM(Y18-X18) -> 71.05 | AA18: =+AB17 -> 42080.99 | AB18: 42132.19 | AC18: =SUM(AB18-AA18) -> 51.2 | AD18: =+AE17 -> 30782 | AE18: 31027 | AF18: =SUM(AE18-AD18) -> 245 | AG18: =SUM(AC18+Z18+W18+T18+Q18+N18+K18+E18+AF18+H18) -> 10248.29 | AH18: =+AI17 -> 2459071 | AI18: 2469398.3 | AJ18: =SUM(AI18-AH18) -> 10327.3 | AK18: =SUM(AJ18-AG18) -> 79.01
B19: 45272 | C19: =+D18 -> 1310244.3 | D19: 1315777.6 | E19: =SUM(D19-C19) -> 5533.3 | F19: =+G18 -> 74652.4 | G19: 76469.8 | H19: =SUM(G19-F19) -> 1817.4 | I19: =+J18 -> 352544.4 | J19: 353134.9 | K19: =SUM(J19-I19) -> 590.5 | L19: =+M18 -> 127944.5 | M19: 128291.8 | N19: =SUM(M19-L19) -> 347.3 | O19: =+P18 -> 236374.4 | P19: 237325.6 | Q19: =SUM(P19-O19-W19) -> 677.4 | R19: =+S18 -> 168740.72 | S19: 169407.8 | T19: =SUM(S19-R19) -> 667.08 | U19: =+V18 -> 51059.72 | V19: 51333.52 | W19: =SUM(V19-U19) -> 273.8 | X19: =+Y18 -> 77293.16 | Y19: 77387.8 | Z19: =SUM(Y19-X19) -> 94.64 | AA19: =+AB18 -> 42132.19 | AB19: 42191.1 | AC19: =SUM(AB19-AA19) -> 58.91 | AD19: =+AE18 -> 31027 | AE19: 31267 | AF19: =SUM(AE19-AD19) -> 240 | AG19: =SUM(AC19+Z19+W19+T19+Q19+N19+K19+E19+AF19+H19) -> 10300.33 | AH19: =+AI18 -> 2469398.3 | AI19: 2479740.2 | AJ19: =SUM(AI19-AH19) -> 10341.9 | AK19: =SUM(AJ19-AG19) -> 41.57
B20: 45273 | C20: =+D19 -> 1315777.6 | D20: 1321098.4 | E20: =SUM(D20-C20) -> 5320.79 | F20: =+G19 -> 76469.8 | G20: 78494.35 | H20: =SUM(G20-F20) -> 2024.55 | I20: =+J19 -> 353134.9 | J20: 353626.9 | K20: =SUM(J20-I20) -> 492 | L20: =+M19 -> 128291.8 | M20: 128594.2 | N20: =SUM(M20-L20) -> 302.4 | O20: =+P19 -> 237325.6 | P20: 238249.7 | Q20: =SUM(P20-O20-W20) -> 657.32 | R20: =+S19 -> 169407.8 | S20: 170039.2 | T20: =SUM(S20-R20) -> 631.4 | U20: =+V19 -> 51333.52 | V20: 51600.3 | W20: =SUM(V20-U20) -> 266.78 | X20: =+Y19 -> 77387.8 | Y20: 77569.3 | Z20: =SUM(Y20-X20) -> 181.5 | AA20: =+AB19 -> 42191.1 | AB20: 42287.11 | AC20: =SUM(AB20-AA20) -> 96.01 | AD20: =+AE19 -> 31267 | AE20: 31538 | AF20: =SUM(AE20-AD20) -> 271 | AG20: =SUM(AC20+Z20+W20+T20+Q20+N20+K20+E20+AF20+H20) -> 10243.75 | AH20: =+AI19 -> 2479740.2 | AI20: 2490097.3 | AJ20: =SUM(AI20-AH20) -> 10357.1 | AK20: =SUM(AJ20-AG20) -> 113.35
... B38: 45291 | C38: =+D37 -> 1392621.4 | D38: 1396258.9 | E38: =SUM(D38-C38) -> 3637.49 | F38: =+G37 -> 100699.96 | G38: 100723.7 | H38: =SUM(G38-F38) -> 23.74 | I38: =+J37 -> 361566.4 | J38: 361809.5 | K38: =SUM(J38-I38) -> 243.1 | L38: =+M37 -> 132588.52 | M38: 132755.2 | N38: =SUM(M38-L38) -> 166.68 | O38: =+P37 -> 251348.32 | P38: 251965.68 | Q38: =SUM(P38-O38-W38) -> 434.16 | R38: =+S37 -> 179900.96 | S38: 180357.52 | T38: =SUM(S38-R38) -> 456.56 | U38: =+V37 -> 55588.48 | V38: 55771.68 | W38: =SUM(V38-U38) -> 183.2 | X38: =+Y37 -> 79264.39 | Y38: 79341.4 | Z38: =SUM(Y38-X38) -> 77.01 | AA38: =+AB37 -> 43300.17 | AB38: 43352.7 | AC38: =SUM(AB38-AA38) -> 52.53 | AD38: =+AE37 -> 34705 | AE38: 34817 | AF38: =SUM(AE38-AD38) -> 112 | AG38: =SUM(AC38+Z38+W38+T38+Q38+N38+K38+E38+AF38+H38) -> 5386.47 | AH38: =+AI37 -> 2625235.1 | AI38: 2630636.9 | AJ38: =SUM(AI38-AH38) -> 5401.79 | AK38: =SUM(AJ38-AG38) -> 15.32
B39: Total KWH | E39: =SUM(E8:E38) -> 144548.45 | H39: =SUM(H8:H38) -> 42485.94 | K39: =SUM(K8:K38) -> 15211.1 | N39: =SUM(N8:N38) -> 7877.16 | Q39: =SUM(Q8:Q38) -> 18239.12 | T39: =SUM(T8:T38) -> 18789.76 | W39: =SUM(W8:W38) -> 7575.2 | Z39: =SUM(Z8:Z38) -> 3290.83 | AC39: =SUM(AC8:AC38) -> 1789.2 | AF39: =SUM(AF8:AF38) -> 6251 | AG39: =SUM(AG8:AG38) -> 266057.76 | AJ39: =+SUM(AJ8:AJ38) -> 267368.28

Sheet Jan 2024
B2: KWH Report January 2024 | O2: KWH Report January 2024
B3: DATE | C3: Busway 1 (PRE AND POST BLOW ROOM + DRYER +BLEACHING MACHINES+ STAMP PRESS+ CAKE OPENOR+ CENTRIFUGE+ BALE PRESS) | F3: Busway 2 (PRE AND POST BLOW ROOM + DRYER +BLEACHING MACHINES+ STAMP PRESS+ CAKE OPENOR+ CENTRIFUGE+ BALE PRESS+ LAWER) | I3: MCC-1(EXHAUST FAN+ FA FAN+ DRYER FAN+ SUBMERSIBLE PUMP +RECYCLE PUMP) | L3: MCC-2 (FA FAN +EXHAUST FAN CHEMICAL AREA+CAUSTIC FEED PUMP+WASTE WATER PUMP) | O3: MCC-3 (COMPRESSOR +FA FAN+ EXHAUST FAN)+BOILER) | R3: MCC-4 (SOFTENING PUMP+UV PUMP+FEED PUMP+ CAUSTIC PUMP+RAW WATER PUMP+ CHEMICAL AREA) | U3: MCC-5 (Boiler) | X3: LPDB-1 (PHASE 1 AND 2 LIGHTENING LOAD) | AA3: LPDB-2 (PRE BLOW ROOM LIGHTENING LOAD) | AD3: LPDB OFFICE | AG3: Booster Pump (Boiler)
C4: Opening | D4: Closing | E4: Kwh / day | F4: Opening | G4: Closing | H4: Kwh / day | I4: Opening | J4: Closing | K4: Kwh / day | L4: Opening | M4: Closing | N4: Kwh / day | O4: Opening | P4: Closing | Q4: Kwh / day | R4: Opening | S4: Closing | T4: Kwh / day | U4: Opening | V4: Closing | W4: Kwh / day | X4: Opening | Y4: Closing | Z4: Kwh / day | AA4: Opening | AB4: Closing | AC4: Kwh / day | AD4: Opening | AE4: Closing | AF4: Kwh / day | AG4: Opening | AH4: Closing | AI4: Kwh / day | AJ4: Total consumed | AK4: Main Incoming | AN4: Diff b/w main LT and consumption
AK5: Opening | AL5: Closing | AM5: Total Kwh / day
B6: 45292 | C6: =+'Dec 2023'!D38 -> 1396258.9 | D6: 1401585 | E6: =SUM(D6-C6) -> 5326.09 | F6: =+'Dec 2023'!G38 -> 100723.7 | G6: 100743.84 | H6: =SUM(G6-F6) -> 20.14 | I6: =+'Dec 2023'!J38 -> 361809.5 | J6: 362228.24 | K6: =SUM(J6-I6) -> 418.74 | L6: =+'Dec 2023'!M38 -> 132755.2 | M6: 132956.6 | N6: =SUM(M6-L6) -> 201.4 | O6: =+'Dec 2023'!P38 -> 251965.68 | P6: 252764.88 | Q6: =+SUM(P6-O6-W6) -> 553.92 | R6: =+'Dec 2023'!S38 -> 180357.52 | S6: 180845.2 | T6: =SUM(S6-R6) -> 487.68 | U6: =+'Dec 2023'!V38 -> 55771.68 | V6: 56016.96 | W6: =SUM(V6-U6) -> 245.28 | X6: =+'Dec 2023'!Y38 -> 79341.4 | Y6: 79405.16 | Z6: =SUM(Y6-X6) -> 63.76 | AA6: =+'Dec 2023'!AB38 -> 43352.7 | AB6: 43404.58 | AC6: =SUM(AB6-AA6) -> 51.88 | AD6: =+'Dec 2023'!AE38 -> 34817 | AE6: 35024 | AF6: =SUM(AE6-AD6) -> 207 | AG6: - | AH6: - | AI6: - | AJ6: =SUM(AC6+Z6+W6+T6+Q6+N6+K6+E6+AF6+H6) -> 7575.89 | AK6: =+'Dec 2023'!AI38 -> 2630636.9 | AL6: 2638252.5 | AM6: =SUM(AL6-AK6) -> 7615.58 | AN6: =SUM(AM6-AJ6) -> 39.69
B7: 45293 | C7: =+D6 -> 1401585 | D7: 1405554.5 | E7: =SUM(D7-C7) -> 3969.51 | F7: =+G6 -> 100743.84 | G7: 101952.35 | H7: =SUM(G7-F7) -> 1208.51 | I7: =+J6 -> 362228.24 | J7: 362612.64 | K7: =SUM(J7-I7) -> 384.4 | L7: =+M6 -> 132956.6 | M7: 133179.38 | N7: =SUM(M7-L7) -> 222.783 | O7: =+P6 -> 252764.88 | P7: 253593.36 | Q7: =+SUM(P7-O7-W7) -> 584.48 | R7: =+S6 -> 180845.2 | S7: 181299.76 | T7: =SUM(S7-R7) -> 454.56 | U7: =+V6 -> 56016.96 | V7: 56260.96 | W7: =SUM(V7-U7) -> 244 | X7: =+Y6 -> 79405.16 | Y7: 79505.64 | Z7: =SUM(Y7-X7) -> 100.48 | AA7: =+AB6 -> 43404.58 | AB7: 43496.38 | AC7: =SUM(AB7-AA7) -> 91.8 | AD7: =+AE6 -> 35024 | AE7: 35275 | AF7: =SUM(AE7-AD7) -> 251 | AG7: - | AH7: - | AI7: - | AJ7: =SUM(AC7+Z7+W7+T7+Q7+N7+K7+E7+AF7+H7) -> 7511.523 | AK7: =+AL6 -> 2638252.5 | AL7: 2645818.5 | AM7: =SUM(AL7-AK7) -> 7566.02 | AN7: =SUM(AM7-AJ7) -> 54.497
B8: 45294 | C8: =+D7 -> 1405554.5 | D8: 1406941.8 | E8: =SUM(D8-C8) -> 1387.3 | F8: =+G7 -> 101952.35 | G8: 106337.95 | H8: =SUM(G8-F8) -> 4385.6 | I8: =J7 -> 362612.64 | J8: 363011.28 | K8: =SUM(J8-I8) -> 398.64 | L8: =M7 -> 133179.38 | M8: 133422.44 | N8: =SUM(M8-L8) -> 243.057 | O8: =+P7 -> 253593.36 | P8: 254391.52 | Q8: =+SUM(P8-O8-W8) -> 569 | R8: =+S7 -> 181299.76 | S8: 181832.96 | T8: =SUM(S8-R8) -> 533.2 | U8: =+V7 -> 56260.96 | V8: 56490.12 | W8: =SUM(V8-U8) -> 229.16 | X8: =+Y7 -> 79505.64 | Y8: 79583.03 | Z8: =SUM(Y8-X8) -> 77.39 | AA8: =+AB7 -> 43496.38 | AB8: 43578.1 | AC8: =SUM(AB8-AA8) -> 81.72 | AD8: =AE7 -> 35275 | AE8: 35464 | AF8: =SUM(AE8-AD8) -> 189 | AG8: - | AH8: - | AI8: - | AJ8: =SUM(AC8+Z8+W8+T8+Q8+N8+K8+E8+AF8+H8) -> 8094.067 | AK8: =+AL7 -> 2645818.5 | AL8: 2653968.5 | AM8: =SUM(AL8-AK8) -> 8150.01 | AN8: =SUM(AM8-AJ8) -> 55.943
B9: 45295 | C9: =+D8 -> 1406941.8 | D9: 1408097.8 | E9: =SUM(D9-C9) -> 1156 | F9: =+G8 -> 106337.95 | G9: 110132.6 | H9: =SUM(G9-F9) -> 3794.65 | I9: =+J8 -> 363011.28 | J9: 363389.36 | K9: =SUM(J9-I9) -> 378.08 | L9: =+M8 -> 133422.44 | M9: 133577.76 | N9: =SUM(M9-L9) -> 155.32 | O9: =+P8 -> 254391.52 | P9: 255185.61 | Q9: =+SUM(P9-O9-W9) -> 553.29 | R9: =+S8 -> 181832.96 | S9: 182255.76 | T9: =SUM(S9-R9) -> 422.8 | U9: =+V8 -> 56490.12 | V9: 56730.92 | W9: =SUM(V9-U9) -> 240.8 | X9: =+Y8 -> 79583.03 | Y9: 79683.1 | Z9: =SUM(Y9-X9) -> 100.07 | AA9: =+AB8 -> 43578.1 | AB9: 43669.63 | AC9: =SUM(AB9-AA9) -> 91.53 | AD9: =+AE8 -> 35464 | AE9: 35694 | AF9: =SUM(AE9-AD9) -> 230 | AG9: - | AH9: - | AI9: - | AJ9: =SUM(AC9+Z9+W9+T9+Q9+N9+K9+E9+AF9+H9) -> 7122.54 | AK9: =+AL8 -> 2653968.5 | AL9: 2661166.4 | AM9: =SUM(AL9-AK9) -> 7197.89 | AN9: =SUM(AM9-AJ9) -> 75.35
B10: 45296 | C10: =+D9 -> 1408097.8 | D10: 1409035.8 | E10: =SUM(D10-C10) -> 938 | F10: =+G9 -> 110132.6 | G10: 113563.8 | H10: =SUM(G10-F10) -> 3431.2 | I10: =+J9 -> 363389.36 | J10: 363589.56 | K10: =SUM(J10-I10) -> 200.2 | L10: =+M9 -> 133577.76 | M10: 133754.61 | N10: =SUM(M10-L10) -> 176.85 | O10: =+P9 -> 255185.61 | P10: 255925.4 | Q10: =+SUM(P10-O10-W10) -> 520.55 | R10: =+S9 -> 182255.76 | S10: 182665.28 | T10: =SUM(S10-R10) -> 409.52 | U10: =+V9 -> 56730.92 | V10: 56950.16 | W10: =SUM(V10-U10) -> 219.24 | X10: =+Y9 -> 79683.1 | Y10: 79805.63 | Z10: =SUM(Y10-X10) -> 122.53 | AA10: =+AB9 -> 43669.63 | AB10: 43742.56 | AC10: =SUM(AB10-AA10) -> 72.93 | AD10: =+AE9 -> 35694 | AE10: 35860 | AF10: =SUM(AE10-AD10) -> 166 | AG10: - | AH10: - | AI10: - | AJ10: =SUM(AC10+Z10+W10+T10+Q10+N10+K10+E10+AF10+H10) -> 6257.02 | AK10: =+AL9 -> 2661166.4 | AL10: 2667444.5 | AM10: =SUM(AL10-AK10) -> 6278.1 | AN10: =SUM(AM10-AJ10) -> 21.08
B11: 45297 | C11: =+D10 -> 1409035.8 | D11: 1410186.4 | E11: =SUM(D11-C11) -> 1150.59 | F11: =+G10 -> 113563.8 | G11: 118226.9 | H11: =SUM(G11-F11) -> 4663.1 | I11: =+J10 -> 363589.56 | J11: 363891.92 | K11: =SUM(J11-I11) -> 302.36 | L11: =+M10 -> 133754.61 | M11: 133971.96 | N11: =SUM(M11-L11) -> 217.35 | O11: =+P10 -> 255925.4 | P11: 256743.76 | Q11: =+SUM(P11-O11-W11) -> 674.61 | R11: =+S10 -> 182665.28 | S11: 183161.27 | T11: =SUM(S11-R11) -> 495.99 | U11: =+V10 -> 56950.16 | V11: 57093.91 | W11: =SUM(V11-U11) -> 143.75 | X11: =+Y10 -> 79805.63 | Y11: 79936.13 | Z11: =SUM(Y11-X11) -> 130.5 | AA11: =+AB10 -> 43742.56 | AB11: 43831.55 | AC11: =SUM(AB11-AA11) -> 88.99 | AD11: =+AE10 -> 35860 | AE11: 36048 | AF11: =SUM(AE11-AD11) -> 188 | AG11: - | AH11: - | AI11: - | AJ11: =SUM(AC11+Z11+W11+T11+Q11+N11+K11+E11+AF11+H11) -> 8055.24 | AK11: =+AL10 -> 2667444.5 | AL11: 2675610.9 | AM11: =SUM(AL11-AK11) -> 8166.4 | AN11: =SUM(AM11-AJ11) -> 111.16
B12: 45298 | C12: =+D11 -> 1410186.4 | D12: 1410939.6 | E12: =SUM(D12-C12) -> 753.21 | F12: =+G11 -> 118226.9 | G12: 121065.63 | H12: =SUM(G12-F12) -> 2838.73 | I12: =+J11 -> 363891.92 | J12: 364055.6 | K12: =SUM(J12-I12) -> 163.68 | L12: =+M11 -> 133971.96 | M12: 134111.4 | N12: =SUM(M12-L12) -> 139.44 | O12: =+P11 -> 256743.76 | P12: 257295.6 | Q12: =+SUM(P12-O12-W12) -> 301.55 | R12: =+S11 -> 183161.27 | S12: 183572.2 | T12: =SUM(S12-R12) -> 410.93 | U12: =+V11 -> 57093.91 | V12: 57344.2 | W12: =SUM(V12-U12) -> 250.29 | X12: =+Y11 -> 79936.13 | Y12: 80035.7 | Z12: =SUM(Y12-X12) -> 99.57 | AA12: =+AB11 -> 43831.55 | AB12: 43890.99 | AC12: =SUM(AB12-AA12) -> 59.44 | AD12: =+AE11 -> 36048 | AE12: 36185 | AF12: =SUM(AE12-AD12) -> 137 | AG12: - | AH12: - | AI12: - | AJ12: =SUM(AC12+Z12+W12+T12+Q12+N12+K12+E12+AF12+H12) -> 5153.84 | AK12: =+AL11 -> 2675610.9 | AL12: 2680749.7 | AM12: =SUM(AL12-AK12) -> 5138.8 | AN12: =SUM(AM12-AJ12) -> -15.04
B13: 45299 | C13: =+D12 -> 1410939.6 | D13: 1411872.8 | E13: =SUM(D13-C13) -> 933.22 | F13: =+G12 -> 121065.63 | G13: 124881.24 | H13: =SUM(G13-F13) -> 3815.61 | I13: =+J12 -> 364055.6 | J13: 364281.04 | K13: =SUM(J13-I13) -> 225.44 | L13: =+M12 -> 134111.4 | M13: 134299.39 | N13: =SUM(M13-L13) -> 187.99 | O13: =+P12 -> 257295.6 | P13: 258181.28 | Q13: =+SUM(P13-O13-W13) -> 663.36 | R13: =+S12 -> 183572.2 | S13: 184142.4 | T13: =SUM(S13-R13) -> 570.2 | U13: =+V12 -> 57344.2 | V13: 57566.52 | W13: =SUM(V13-U13) -> 222.32 | X13: =+Y12 -> 80035.7 | Y13: 80174.93 | Z13: =SUM(Y13-X13) -> 139.23 | AA13: =+AB12 -> 43890.99 | AB13: 43962.78 | AC13: =SUM(AB13-AA13) -> 71.79 | AD13: =+AE12 -> 36185 | AE13: 36347 | AF13: =SUM(AE13-AD13) -> 162 | AG13: - | AH13: - | AI13: - | AJ13: =SUM(AC13+Z13+W13+T13+Q13+N13+K13+E13+AF13+H13) -> 6991.16 | AK13: =+AL12 -> 2680749.7 | AL13: 2687799.4 | AM13: =SUM(AL13-AK13) -> 7049.72 | AN13: =SUM(AM13-AJ13) -> 58.56
B14: 45300 | C14: =+D13 -> 1411872.8 | D14: 1415928.9 | E14: =SUM(D14-C14) -> 4056.08 | F14: =+G13 -> 124881.24 | G14: 125635.84 | H14: =SUM(G14-F14) -> 754.6 | I14: =+J13 -> 364281.04 | J14: 364398.75 | K14: =SUM(J14-I14) -> 117.71 | L14: =+M13 -> 134299.39 | M14: 134498.75 | N14: =SUM(M14-L14) -> 199.36 | O14: =+P13 -> 258181.28 | P14: 259010.8 | Q14: =+SUM(P14-O14-W14) -> 600.4 | R14: =+S13 -> 184142.4 | S14: 184642.24 | T14: =SUM(S14-R14) -> 499.84 | U14: =+V13 -> 57566.52 | V14: 57795.64 | W14: =SUM(V14-U14) -> 229.12 | X14: =+Y13 -> 80174.93 | Y14: 80297.44 | Z14: =SUM(Y14-X14) -> 122.51 | AA14: =+AB13 -> 43962.78 | AB14: 44040.86 | AC14: =SUM(AB14-AA14) -> 78.08 | AD14: =+AE13 -> 36347 | AE14: 36539 | AF14: =SUM(AE14-AD14) -> 192 | AG14: - | AH14: - | AI14: - | AJ14: =SUM(AC14+Z14+W14+T14+Q14+N14+K14+E14+AF14+H14) -> 6849.7 | AK14: =+AL13 -> 2687799.4 | AL14: 2694695.9 | AM14: =SUM(AL14-AK14) -> 6896.48 | AN14: =SUM(AM14-AJ14) -> 46.78
B15: 45301 | C15: =+D14 -> 1415928.9 | D15: 1420583.9 | E15: =SUM(D15-C15) -> 4655 | F15: =+G14 -> 125635.84 | G15: 125660.3 | H15: =SUM(G15-F15) -> 24.46 | I15: =+J14 -> 364398.75 | J15: 364542.4 | K15: =SUM(J15-I15) -> 143.65 | L15: =+M14 -> 134498.75 | M15: 134693.72 | N15: =SUM(M15-L15) -> 194.97 | O15: =+P14 -> 259010.8 | P15: 259811.69 | Q15: =+SUM(P15-O15-W15) -> 573.93 | R15: =+S14 -> 184642.24 | S15: 185173.52 | T15: =SUM(S15-R15) -> 531.28 | U15: =+V14 -> 57795.64 | V15: 58022.6 | W15: =SUM(V15-U15) -> 226.96 | X15: =+Y14 -> 80297.44 | Y15: 80367.92 | Z15: =SUM(Y15-X15) -> 70.48 | AA15: =+AB14 -> 44040.86 | AB15: 44112.42 | AC15: =SUM(AB15-AA15) -> 71.56 | AD15: =+AE14 -> 36539 | AE15: 36742 | AF15: =SUM(AE15-AD15) -> 203 | AG15: - | AH15: - | AI15: - | AJ15: =SUM(AC15+Z15+W15+T15+Q15+N15+K15+E15+AF15+H15) -> 6695.29 | AK15: =+AL14 -> 2694695.9 | AL15: 2701463.6 | AM15: =SUM(AL15-AK15) -> 6767.7 | AN15: =SUM(AM15-AJ15) -> 72.41
B16: 45302 | C16: =+D15 -> 1420583.9 | D16: 1425104.4 | E16: =SUM(D16-C16) -> 4520.5 | F16: =+G15 -> 125660.3 | G16: 126371.77 | H16: =SUM(G16-F16) -> 711.47 | I16: =+J15 -> 364542.4 | J16: 364821 | K16: =SUM(J16-I16) -> 278.6 | L16: =+M15 -> 134693.72 | M16: 134862 | N16: =SUM(M16-L16) -> 168.28 | O16: =+P15 -> 259811.69 | P16: 260613.36 | Q16: =+SUM(P16-O16-W16) -> 598.95 | R16: =+S15 -> 185173.52 | S16: 185709.76 | T16: =SUM(S16-R16) -> 536.24 | U16: =+V15 -> 58022.6 | V16: 58225.32 | W16: =SUM(V16-U16) -> 202.72 | X16: =+Y15 -> 80367.92 | Y16: 80459.4 | Z16: =SUM(Y16-X16) -> 91.48 | AA16: =+AB15 -> 44112.42 | AB16: 44191.93 | AC16: =SUM(AB16-AA16) -> 79.51 | AD16: =+AE15 -> 36742 | AE16: 36976 | AF16: =SUM(AE16-AD16) -> 234 | AG16: - | AH16: - | AI16: - | AJ16: =SUM(AC16+Z16+W16+T16+Q16+N16+K16+E16+AF16+H16) -> 7421.75 | AK16: =+AL15 -> 2701463.6 | AL16: 2708978.2 | AM16: =SUM(AL16-AK16) -> 7514.6 | AN16: =SUM(AM16-AJ16) -> 92.85
B17: 45303 | C17: =+D16 -> 1425104.4 | D17: 1429532.7 | E17: =SUM(D17-C17) -> 4428.29 | F17: =+G16 -> 126371.77 | G17: 126391.25 | H17: =SUM(G17-F17) -> 19.48 | I17: =+J16 -> 364821 | J17: 365198.08 | K17: =SUM(J17-I17) -> 377.08 | L17: =+M16 -> 134862 | M17: 135044.88 | N17: =SUM(M17-L17) -> 182.88 | O17: =+P16 -> 260613.36 | P17: 261280.8 | Q17: =+SUM(P17-O17-W17) -> 544.44 | R17: =+S16 -> 185709.76 | S17: 186197.12 | T17: =SUM(S17-R17) -> 487.36 | U17: =+V16 -> 58225.32 | V17: 58348.32 | W17: =SUM(V17-U17) -> 123 | X17: =+Y16 -> 80459.4 | Y17: 80523.22 | Z17: =SUM(Y17-X17) -> 63.82 | AA17: =+AB16 -> 44191.93 | AB17: 44280.03 | AC17: =SUM(AB17-AA17) -> 88.1 | AD17: =+AE16 -> 36976 | AE17: 37173 | AF17: =SUM(AE17-AD17) -> 197 | AG17: - | AH17: - | AI17: - | AJ17: =SUM(AC17+Z17+W17+T17+Q17+N17+K17+E17+AF17+H17) -> 6511.45 | AK17: =+AL16 -> 2708978.2 | AL17: 2715526.8 | AM17: =SUM(AL17-AK17) -> 6548.63 | AN17: =SUM(AM17-AJ17) -> 37.18
B18: 45304 | C18: =+D17 -> 1429532.7 | D18: 1433222.5 | E18: =SUM(D18-C18) -> 3689.82 | F18: =+G17 -> 126391.25 | G18: 126688.6 | H18: =SUM(G18-F18) -> 297.35 | I18: =+J17 -> 365198.08 | J18: 365406.8 | K18: =SUM(J18-I18) -> 208.72 | L18: =+M17 -> 135044.88 | M18: 135406.8 | N18: =SUM(M18-L18) -> 361.92 | O18: =+P17 -> 261280.8 | P18: 261970 | Q18: =+SUM(P18-O18-W18) -> 551.88 | R18: =+S17 -> 186197.12 | S18: 186653.28 | T18: =SUM(S18-R18) -> 456.16 | U18: =+V17 -> 58348.32 | V18: 58485.64 | W18: =SUM(V18-U18) -> 137.32 | X18: =+Y17 -> 80523.22 | Y18: 80594.8 | Z18: =SUM(Y18-X18) -> 71.58 | AA18: =+AB17 -> 44280.03 | AB18: 44332.49 | AC18: =SUM(AB18-AA18) -> 52.46 | AD18: =+AE17 -> 37173 | AE18: 37388 | AF18: =SUM(AE18-AD18) -> 215 | AG18: - | AH18: - | AI18: - | AJ18: =SUM(AC18+Z18+W18+T18+Q18+N18+K18+E18+AF18+H18) -> 6042.21 | AK18: =+AL17 -> 2715526.8 | AL18: 2721408.9 | AM18: =SUM(AL18-AK18) -> 5882.07 | AN18: =SUM(AM18-AJ18) -> -160.14
B19: 45305 | C19: =+D18 -> 1433222.5 | D19: 1437388.6 | E19: =SUM(D19-C19) -> 4166.11 | F19: =+G18 -> 126688.6 | G19: 126708.39 | H19: =SUM(G19-F19) -> 19.79 | I19: =+J18 -> 365406.8 | J19: 365689.12 | K19: =SUM(J19-I19) -> 282.32 | L19: =+M18 -> 135406.8 | M19: 135338.8 | N19: =SUM(M19-L19) -> -68 | O19: =+P18 -> 261970 | P19: 262703.28 | Q19: =+SUM(P19-O19-W19) -> 526.48 | R19: =+S18 -> 186653.28 | S19: 187088.8 | T19: =SUM(S19-R19) -> 435.52 | U19: =+V18 -> 58485.64 | V19: 58692.44 | W19: =SUM(V19-U19) -> 206.8 | X19: =+Y18 -> 80594.8 | Y19: 80652.36 | Z19: =SUM(Y19-X19) -> 57.56 | AA19: =+AB18 -> 44332.49 | AB19: 44401.46 | AC19: =SUM(AB19-AA19) -> 68.97 | AD19: =+AE18 -> 37388 | AE19: 37579 | AF19: =SUM(AE19-AD19) -> 191 | AG19: - | AH19: - | AI19: - | AJ19: =SUM(AC19+Z19+W19+T19+Q19+N19+K19+E19+AF19+H19) -> 5886.55 | AK19: =+AL18 -> 2721408.9 | AL19: 2727582.6 | AM19: =SUM(AL19-AK19) -> 6173.7 | AN19: =SUM(AM19-AJ19) -> 287.15
B20: 45306 | C20: =+D19 -> 1437388.6 | D20: 1442393.1 | E20: =SUM(D20-C20) -> 5004.44 | F20: =+G19 -> 126708.39 | G20: 126723.88 | H20: =SUM(G20-F20) -> 15.49 | I20: =+J19 -> 365689.12 | J20: 365895.76 | K20: =SUM(J20-I20) -> 206.64 | L20: =+M19 -> 135338.8 | M20: 135510.21 | N20: =SUM(M20-L20) -> 171.41 | O20: =+P19 -> 262703.28 | P20: 263555.28 | Q20: =+SUM(P20-O20-W20) -> 631.8 | R20: =+S19 -> 187088.8 | S20: 187583.44 | T20: =SUM(S20-R20) -> 494.64 | U20: =+V19 -> 58692.44 | V20: 58912.64 | W20: =SUM(V20-U20) -> 220.2 | X20: =+Y19 -> 80652.36 | Y20: 80716.77 | Z20: =SUM(Y20-X20) -> 64.41 | AA20: =+AB19 -> 44401.46 | AB20: 44471.35 | AC20: =SUM(AB20-AA20) -> 69.89 | AD20: =+AE19 -> 37579 | AE20: 37773 | AF20: =SUM(AE20-AD20) -> 194 | AG20: - | AH20: - | AI20: - | AJ20: =SUM(AC20+Z20+W20+T20+Q20+N20+K20+E20+AF20+H20) -> 7072.92 | AK20: =+AL19 -> 2727582.6 | AL20: 2734708.7 | AM20: =SUM(AL20-AK20) -> 7126.09 | AN20: =SUM(AM20-AJ20) -> 53.17
B21: 45307 | C21: =+D20 -> 1442393.1 | D21: 1445770.2 | E21: =SUM(D21-C21) -> 3377.14 | F21: =+G20 -> 126723.88 | G21: 126742.5 | H21: =SUM(G21-F21) -> 18.62 | I21: =+J20 -> 365895.76 | J21: 365999.9 | K21: =SUM(J21-I21) -> 104.14 | L21: =+M20 -> 135510.21 | M21: 135651.4 | N21: =SUM(M21-L21) -> 141.19 | O21: =+P20 -> 263555.28 | P21: 264162.46 | Q21: =+SUM(P21-O21-W21) -> 505.42 | R21: =+S20 -> 187583.44 | S21: 188000.96 | T21: =SUM(S21-R21) -> 417.52 | U21: =+V20 -> 58912.64 | V21: 59014.4 | W21: =SUM(V21-U21) -> 101.76 | X21: =+Y20 -> 80716.77 | Y21: 80786.9 | Z21: =SUM(Y21-X21) -> 70.13 | AA21: =+AB20 -> 44471.35 | AB21: 44529.2 | AC21: =SUM(AB21-AA21) -> 57.85 | AD21: =+AE20 -> 37773 | AE21: 38009 | AF21: =SUM(AE21-AD21) -> 236 | AG21: - | AH21: - | AI21: - | AJ21: =SUM(AC21+Z21+W21+T21+Q21+N21+K21+E21+AF21+H21) -> 5029.77 | AK21: =+AL20 -> 2734708.7 | AL21: 2739748.4 | AM21: =SUM(AL21-AK21) -> 5039.71 | AN21: =SUM(AM21-AJ21) -> 9.94
B22: 45308 | C22: =+D21 -> 1445770.2 | D22: 1451055.6 | E22: =SUM(D22-C22) -> 5285.4 | F22: =+G21 -> 126742.5 | G22: 126762.96 | H22: =SUM(G22-F22) -> 20.46 | I22: =+J21 -> 365999.9 | J22: 366126.32 | K22: =SUM(J22-I22) -> 126.42 | L22: =+M21 -> 135651.4 | M22: 135841.6 | N22: =SUM(M22-L22) -> 190.2 | O22: =+P21 -> 264162.46 | P22: 264847.68 | Q22: =+SUM(P22-O22-W22) -> 563.02 | R22: =+S21 -> 188000.96 | S22: 188504.4 | T22: =SUM(S22-R22) -> 503.44 | U22: =+V21 -> 59014.4 | V22: 59136.6 | W22: =SUM(V22-U22) -> 122.2 | X22: =+Y21 -> 80786.9 | Y22: 80857.6 | Z22: =SUM(Y22-X22) -> 70.7 | AA22: =+AB21 -> 44529.2 | AB22: 44579.7 | AC22: =SUM(AB22-AA22) -> 50.5 | AD22: =+AE21 -> 38009 | AE22: 38241 | AF22: =SUM(AE22-AD22) -> 232 | AG22: 0 | AH22: 0 | AI22: =+AH22-AG22 -> 0 | AJ22: =SUM(AC22+Z22+W22+T22+Q22+N22+K22+E22+AF22+H22) -> 7164.34 | AK22: =+AL21 -> 2739748.4 | AL22: 2746993.4 | AM22: =SUM(AL22-AK22) -> 7245 | AN22: =SUM(AM22-AJ22) -> 80.66
B23: 45309 | C23: =+D22 -> 1451055.6 | D23: 1456220.9 | E23: =SUM(D23-C23) -> 5165.3 | F23: =+G22 -> 126762.96 | G23: 126788.27 | H23: =SUM(G23-F23) -> 25.31 | I23: =+J22 -> 366126.32 | J23: 366270 | K23: =SUM(J23-I23) -> 143.68 | L23: =+M22 -> 135841.6 | M23: 136033.31 | N23: =SUM(M23-L23) -> 191.71 | O23: =+P22 -> 264847.68 | P23: 265570.4 | Q23: =+SUM(P23-O23-W23) -> 578.62 | R23: =+S22 -> 188504.4 | S23: 189033.36 | T23: =SUM(S23-R23) -> 528.96 | U23: =+V22 -> 59136.6 | V23: 59280.7 | W23: =SUM(V23-U23) -> 144.1 | X23: =+Y22 -> 80857.6 | Y23: 80913.66 | Z23: =SUM(Y23-X23) -> 56.06 | AA23: =+AB22 -> 44579.7 | AB23: 44624.6 | AC23: =SUM(AB23-AA23) -> 44.9 | AD23: =+AE22 -> 38241 | AE23: 38439 | AF23: =SUM(AE23-AD23) -> 198 | AG23: 0 | AH23: 0 | AI23: =+AH23-AG23 -> 0 | AJ23: =SUM(AC23+Z23+W23+T23+Q23+N23+K23+E23+AF23+H23) -> 7076.64 | AK23: =+AL22 -> 2746993.4 | AL23: 2754129.6 | AM23: =SUM(AL23-AK23) -> 7136.2 | AN23: =SUM(AM23-AJ23) -> 59.56
B24: 45310 | C24: =+D23 -> 1456220.9 | D24: 1458632.8 | E24: =SUM(D24-C24) -> 2411.85 | F24: =+G23 -> 126788.27 | G24: 127999.25 | H24: =SUM(G24-F24) -> 1210.98 | I24: =+J23 -> 366270 | J24: 366295.2 | K24: =SUM(J24-I24) -> 25.2 | L24: =+M23 -> 136033.31 | M24: 136201.04 | N24: =SUM(M24-L24) -> 167.73 | O24: =+P23 -> 265570.4 | P24: 266214.24 | Q24: =+SUM(P24-O24-W24) -> 528.26 | R24: =+S23 -> 189033.36 | S24: 189523.63 | T24: =SUM(S24-R24) -> 490.27 | U24: =+V23 -> 59280.7 | V24: 59396.28 | W24: =SUM(V24-U24) -> 115.58 | X24: =+Y23 -> 80913.66 | Y24: 80982.95 | Z24: =SUM(Y24-X24) -> 69.29 | AA24: =+AB23 -> 44624.6 | AB24: 44683.14 | AC24: =SUM(AB24-AA24) -> 58.54 | AD24: =+AE23 -> 38439 | AE24: 38646 | AF24: =SUM(AE24-AD24) -> 207 | AG24: 0 | AH24: 0 | AI24: =+AH24-AG24 -> 0 | AJ24: =SUM(AC24+Z24+W24+T24+Q24+N24+K24+E24+AF24+H24) -> 5284.7 | AK24: =+AL23 -> 2754129.6 | AL24: 2759443.2 | AM24: =SUM(AL24-AK24) -> 5313.6 | AN24: =SUM(AM24-AJ24) -> 28.9
B25: 45311 | C25: =+D24 -> 1458632.8 | D25: 1463386.6 | E25: =SUM(D25-C25) -> 4753.85 | F25: =+G24 -> 127999.25 | G25: 129820.42 | H25: =SUM(G25-F25) -> 1821.17 | I25: =+J24 -> 366295.2 | J25: 366572.56 | K25: =SUM(J25-I25) -> 277.36 | L25: =+M24 -> 136201.04 | M25: 136448.4 | N25: =SUM(M25-L25) -> 247.36 | O25: =+P24 -> 266214.24 | P25: 267105.28 | Q25: =+SUM(P25-O25-W25) -> 703.84 | R25: =+S24 -> 189523.63 | S25: 190084.16 | T25: =SUM(S25-R25) -> 560.53 | U25: =+V24 -> 59396.28 | V25: 59583.48 | W25: =SUM(V25-U25) -> 187.2 | X25: =+Y24 -> 80982.95 | Y25: 81054.46 | Z25: =SUM(Y25-X25) -> 71.51 | AA25: =+AB24 -> 44683.14 | AB25: 44723.05 | AC25: =SUM(AB25-AA25) -> 39.91 | AD25: =+AE24 -> 38646 | AE25: 38889 | AF25: =SUM(AE25-AD25) -> 243 | AG25: =+AH24 -> 0 | AH25: =+AI24 -> 0 | AI25: =+AH25-AG25 -> 0 | AJ25: =SUM(AC25+Z25+W25+T25+Q25+N25+K25+E25+AF25+H25) -> 8905.73 | AK25: =+AL24 -> 2759443.2 | AL25: 2768398.6 | AM25: =SUM(AL25-AK25) -> 8955.4 | AN25: =SUM(AM25-AJ25) -> 49.67
B26: 45312 | C26: =+D25 -> 1463386.6 | D26: 1468874.5 | E26: =SUM(D26-C26) -> 5487.92 | F26: =+G25 -> 129820.42 | G26: 129847.1 | H26: =SUM(G26-F26) -> 26.68 | I26: =+J25 -> 366572.56 | J26: 366756.32 | K26: =SUM(J26-I26) -> 183.76 | L26: =+M25 -> 136448.4 | M26: 136634.96 | N26: =SUM(M26-L26) -> 186.56 | O26: =+P25 -> 267105.28 | P26: 267867.3 | Q26: =+SUM(P26-O26-W26) -> 619.78 | R26: =+S25 -> 190084.16 | S26: 190620.8 | T26: =SUM(S26-R26) -> 536.64 | U26: =+V25 -> 59583.48 | V26: 59725.72 | W26: =SUM(V26-U26) -> 142.24 | X26: =+Y25 -> 81054.46 | Y26: 81117.39 | Z26: =SUM(Y26-X26) -> 62.93 | AA26: =+AB25 -> 44723.05 | AB26: 44779.86 | AC26: =SUM(AB26-AA26) -> 56.81 | AD26: =+AE25 -> 38889 | AE26: 39031 | AF26: =SUM(AE26-AD26) -> 142 | AG26: =+AH25 -> 0 | AH26: =+AI25 -> 0 | AI26: =+AH26-AG26 -> 0 | AJ26: =SUM(AC26+Z26+W26+T26+Q26+N26+K26+E26+AF26+H26) -> 7445.32 | AK26: =+AL25 -> 2768398.6 | AL26: 2775864.1 | AM26: =SUM(AL26-AK26) -> 7465.5 | AN26: =SUM(AM26-AJ26) -> 20.18
B27: 45313 | C27: =+D26 -> 1468874.5 | D27: 1474165.8 | E27: =SUM(D27-C27) -> 5291.31 | F27: =+G26 -> 129847.1 | G27: 131615.53 | H27: =SUM(G27-F27) -> 1768.43 | I27: =+J26 -> 366756.32 | J27: 367086.64 | K27: =SUM(J27-I27) -> 330.32 | L27: =+M26 -> 136634.96 | M27: 136899.84 | N27: =SUM(M27-L27) -> 264.88 | O27: =+P26 -> 267867.3 | P27: 268848.96 | Q27: =+SUM(P27-O27-W27) -> 728.7 | R27: =+S26 -> 190620.8 | S27: 191191.34 | T27: =SUM(S27-R27) -> 570.54 | U27: =+V26 -> 59725.72 | V27: 59978.68 | W27: =SUM(V27-U27) -> 252.96 | X27: =+Y26 -> 81117.39 | Y27: 81234.11 | Z27: =SUM(Y27-X27) -> 116.72 | AA27: =+AB26 -> 44779.86 | AB27: 44828.38 | AC27: =SUM(AB27-AA27) -> 48.52 | AD27: =+AE26 -> 39031 | AE27: 39239 | AF27: =SUM(AE27-AD27) -> 208 | AG27: =+AH26 -> 0 | AH27: =+AI26 -> 0 | AI27: =+AH27-AG27 -> 0 | AJ27: =SUM(AC27+Z27+W27+T27+Q27+N27+K27+E27+AF27+H27) -> 9580.38 | AK27: =+AL26 -> 2775864.1 | AL27: 2785525.5 | AM27: =SUM(AL27-AK27) -> 9661.38 | AN27: =SUM(AM27-AJ27) -> 81
B28: 45314 | C28: =+D27 -> 1474165.8 | D28: 1479409.2 | E28: =SUM(D28-C28) -> 5243.37 | F28: =+G27 -> 131615.53 | G28: 133844.25 | H28: =SUM(G28-F28) -> 2228.72 | I28: =+J27 -> 367086.64 | J28: 367440.57 | K28: =SUM(J28-I28) -> 353.93 | L28: =+M27 -> 136899.84 | M28: 137167.1 | N28: =SUM(M28-L28) -> 267.26 | O28: =+P27 -> 268848.96 | P28: 269820.4 | Q28: =+SUM(P28-O28-W28) -> 711.02 | R28: =+S27 -> 191191.34 | S28: 191821.2 | T28: =SUM(S28-R28) -> 629.86 | U28: =+V27 -> 59978.68 | V28: 60239.1 | W28: =SUM(V28-U28) -> 260.42 | X28: =+Y27 -> 81234.11 | Y28: 81344.4 | Z28: =SUM(Y28-X28) -> 110.29 | AA28: =+AB27 -> 44828.38 | AB28: 44872.45 | AC28: =SUM(AB28-AA28) -> 44.07 | AD28: =+AE27 -> 39239 | AE28: 39418 | AF28: =SUM(AE28-AD28) -> 179 | AG28: =+AH27 -> 0 | AH28: =+AI27 -> 0 | AI28: =+AH28-AG28 -> 0 | AJ28: =SUM(AC28+Z28+W28+T28+Q28+N28+K28+E28+AF28+H28) -> 10027.94 | AK28: =+AL27 -> 2785525.5 | AL28: 2795578.4 | AM28: =SUM(AL28-AK28) -> 10052.92 | AN28: =SUM(AM28-AJ28) -> 24.98
B29: 45315 | C29: =+D28 -> 1479409.2 | D29: 1482750.9 | E29: =SUM(D29-C29) -> 3341.7 | F29: =+G28 -> 133844.25 | G29: 136137.5 | H29: =SUM(G29-F29) -> 2293.25 | I29: =+J28 -> 367440.57 | J29: 367629.4 | K29: =SUM(J29-I29) -> 188.83 | L29: =+M28 -> 137167.1 | M29: 137392.61 | N29: =SUM(M29-L29) -> 225.51 | O29: =+P28 -> 269820.4 | P29: 270582 | Q29: =+SUM(P29-O29-W29) -> 610.3 | R29: =+S28 -> 191821.2 | S29: 192382.96 | T29: =SUM(S29-R29) -> 561.76 | U29: =+V28 -> 60239.1 | V29: 60390.4 | W29: =SUM(V29-U29) -> 151.3 | X29: =+Y28 -> 81344.4 | Y29: 81426.66 | Z29: =SUM(Y29-X29) -> 82.26 | AA29: =+AB28 -> 44872.45 | AB29: 44925.1 | AC29: =SUM(AB29-AA29) -> 52.65 | AD29: =+AE28 -> 39418 | AE29: 39635 | AF29: =SUM(AE29-AD29) -> 217 | AG29: =+AH28 -> 0 | AH29: =+AI28 -> 0 | AI29: =+AH29-AG29 -> 0 | AJ29: =SUM(AC29+Z29+W29+T29+Q29+N29+K29+E29+AF29+H29) -> 7724.56 | AK29: =+AL28 -> 2795578.4 | AL29: 2803357.4 | AM29: =SUM(AL29-AK29) -> 7779 | AN29: =SUM(AM29-AJ29) -> 54.44
B30: 45316 | C30: =+D29 -> 1482750.9 | D30: 1488158.8 | E30: =SUM(D30-C30) -> 5407.9 | F30: =+G29 -> 136137.5 | G30: 138125.37 | H30: =SUM(G30-F30) -> 1987.87 | I30: =+J29 -> 367629.4 | J30: 368046.64 | K30: =SUM(J30-I30) -> 417.24 | L30: =+M29 -> 137392.61 | M30: 137695.84 | N30: =SUM(M30-L30) -> 303.23 | O30: =+P29 -> 270582 | P30: 271515.84 | Q30: =+SUM(P30-O30-W30) -> 388.64 | R30: =+S29 -> 192382.96 | S30: 193047.28 | T30: =SUM(S30-R30) -> 664.32 | U30: =+V29 -> 60390.4 | V30: 60935.6 | W30: =SUM(V30-U30) -> 545.2 | X30: =+Y29 -> 81426.66 | Y30: 81522.38 | Z30: =SUM(Y30-X30) -> 95.72 | AA30: =+AB29 -> 44925.1 | AB30: 44966.1 | AC30: =SUM(AB30-AA30) -> 41 | AD30: =+AE29 -> 39635 | AE30: 39807 | AF30: =SUM(AE30-AD30) -> 172 | AG30: =+AH29 -> 0 | AH30: =+AI29 -> 0 | AI30: =+AH30-AG30 -> 0 | AJ30: =SUM(AC30+Z30+W30+T30+Q30+N30+K30+E30+AF30+H30) -> 10023.12 | AK30: =+AL29 -> 2803357.4 | AL30: 2813447.9 | AM30: =SUM(AL30-AK30) -> 10090.5 | AN30: =SUM(AM30-AJ30) -> 67.38
B31: 45317 | C31: =+D30 -> 1488158.8 | D31: 1492645.4 | E31: =SUM(D31-C31) -> 4486.64 | F31: =+G30 -> 138125.37 | G31: 140085.5 | H31: =SUM(G31-F31) -> 1960.13 | I31: =+J30 -> 368046.64 | J31: 368459.28 | K31: =SUM(J31-I31) -> 412.64 | L31: =+M30 -> 137695.84 | M31: 137920.96 | N31: =SUM(M31-L31) -> 225.12 | O31: =+P30 -> 271515.84 | P31: 272470.08 | Q31: =+SUM(P31-O31-W31) -> 854.84 | R31: =+S30 -> 193047.28 | S31: 193640.24 | T31: =SUM(S31-R31) -> 592.96 | U31: =+V30 -> 60935.6 | V31: 61035 | W31: =SUM(V31-U31) -> 99.4 | X31: =+Y30 -> 81522.38 | Y31: 81619.49 | Z31: =SUM(Y31-X31) -> 97.11 | AA31: =+AB30 -> 44966.1 | AB31: 45013.89 | AC31: =SUM(AB31-AA31) -> 47.79 | AD31: =+AE30 -> 39807 | AE31: 39969 | AF31: =SUM(AE31-AD31) -> 162 | AG31: =+AH30 -> 0 | AH31: =+AI30 -> 0 | AI31: =+AH31-AG31 -> 0 | AJ31: =SUM(AC31+Z31+W31+T31+Q31+N31+K31+E31+AF31+H31) -> 8938.63 | AK31: =+AL30 -> 2813447.9 | AL31: 2822460.8 | AM31: =SUM(AL31-AK31) -> 9012.93 | AN31: =SUM(AM31-AJ31) -> 74.3
B32: 45318 | C32: =+D31 -> 1492645.4 | D32: 1497414.7 | E32: =SUM(D32-C32) -> 4769.26 | F32: =+G31 -> 140085.5 | G32: 142588.32 | H32: =SUM(G32-F32) -> 2502.82 | I32: =+J31 -> 368459.28 | J32: 368829.4 | K32: =SUM(J32-I32) -> 370.12 | L32: =+M31 -> 137920.96 | M32: 138184.6 | N32: =SUM(M32-L32) -> 263.64 | O32: =+P31 -> 272470.08 | P32: 273439.82 | Q32: =+SUM(P32-O32-W32) -> 899.18 | R32: =+S31 -> 193640.24 | S32: 194357.44 | T32: =SUM(S32-R32) -> 717.2 | U32: =+V31 -> 61035 | V32: 61105.56 | W32: =SUM(V32-U32) -> 70.56 | X32: =+Y31 -> 81619.49 | Y32: 81715.9 | Z32: =SUM(Y32-X32) -> 96.41 | AA32: =+AB31 -> 45013.89 | AB32: 45064.95 | AC32: =SUM(AB32-AA32) -> 51.06 | AD32: =+AE31 -> 39969 | AE32: 40186 | AF32: =SUM(AE32-AD32) -> 217 | AG32: =+AH31 -> 0 | AH32: =+AI31 -> 0 | AI32: =+AH32-AG32 -> 0 | AJ32: =SUM(AC32+Z32+W32+T32+Q32+N32+K32+E32+AF32+H32) -> 9957.25 | AK32: =+AL31 -> 2822460.8 | AL32: 2832440.8 | AM32: =SUM(AL32-AK32) -> 9979.97 | AN32: =SUM(AM32-AJ32) -> 22.72
B33: 45319 | C33: =+D32 -> 1497414.7 | D33: 1502553.9 | E33: =SUM(D33-C33) -> 5139.2 | F33: =+G32 -> 142588.32 | G33: 142617.4 | H33: =SUM(G33-F33) -> 29.08 | I33: =+J32 -> 368829.4 | J33: 369044.56 | K33: =SUM(J33-I33) -> 215.16 | L33: =+M32 -> 138184.6 | M33: 138380.65 | N33: =SUM(M33-L33) -> 196.05 | O33: =+P32 -> 273439.82 | P33: 274206.6 | Q33: =+SUM(P33-O33-W33) -> 600.74 | R33: =+S32 -> 194357.44 | S33: 194916.48 | T33: =SUM(S33-R33) -> 559.04 | U33: =+V32 -> 61105.56 | V33: 61271.6 | W33: =SUM(V33-U33) -> 166.04 | X33: =+Y32 -> 81715.9 | Y33: 81812.96 | Z33: =SUM(Y33-X33) -> 97.06 | AA33: =+AB32 -> 45064.95 | AB33: 45116.6 | AC33: =SUM(AB33-AA33) -> 51.65 | AD33: =+AE32 -> 40186 | AE33: 40269 | AF33: =SUM(AE33-AD33) -> 83 | AG33: =+AH32 -> 0 | AH33: =+AI32 -> 0 | AI33: =+AH34-AG33 -> 0 | AJ33: =SUM(AC33+Z33+W33+T33+Q33+N33+K33+E33+AF33+H33) -> 7137.02 | AK33: =+AL32 -> 2832440.8 | AL33: 2839649 | AM33: =SUM(AL33-AK33) -> 7208.16 | AN33: =SUM(AM33-AJ33) -> 71.14
B34: 45320 | C34: =+D33 -> 1502553.9 | D34: 1507580.6 | E34: =SUM(D34-C34) -> 5026.73 | F34: =+G33 -> 142617.4 | G34: 145059.56 | H34: =SUM(G34-F34) -> 2442.16 | I34: =+J33 -> 369044.56 | J34: 369531.36 | K34: =SUM(J34-I34) -> 486.8 | L34: =+M33 -> 138380.65 | M34: 138682.8 | N34: =SUM(M34-L34) -> 302.15 | O34: =+P33 -> 274206.6 | P34: 275234.3 | Q34: =+SUM(P34-O34-W34) -> 777.34 | R34: =+S33 -> 194916.48 | S34: 195558.32 | T34: =SUM(S34-R34) -> 641.84 | U34: =+V33 -> 61271.6 | V34: 61521.96 | W34: =SUM(V34-U34) -> 250.36 | X34: =+Y33 -> 81812.96 | Y34: 81922.32 | Z34: =SUM(Y34-X34) -> 109.36 | AA34: =+AB33 -> 45116.6 | AB34: 45172.07 | AC34: =SUM(AB34-AA34) -> 55.47 | AD34: =+AE33 -> 40269 | AE34: 40447 | AF34: =SUM(AE34-AD34) -> 178 | AG34: =+AH34 -> 0 | AH34: =+AI32 -> 0 | AI34: =+AH35-AG34 -> 0 | AJ34: =SUM(AC34+Z34+W34+T34+Q34+N34+K34+E34+AF34+H34) -> 10270.21 | AK34: =+AL33 -> 2839649 | AL34: 2849893.5 | AM34: =SUM(AL34-AK34) -> 10244.54 | AN34: =SUM(AM34-AJ34) -> -25.67
B35: 45321 | C35: =+D34 -> 1507580.6 | D35: 1512739.3 | E35: =SUM(D35-C35) -> 5158.63 | F35: =+G34 -> 145059.56 | G35: 147387.06 | H35: =SUM(G35-F35) -> 2327.5 | I35: =+J34 -> 369531.36 | J35: 369846.16 | K35: =SUM(J35-I35) -> 314.8 | L35: =+M34 -> 138682.8 | M35: 138992.45 | N35: =SUM(M35-L35) -> 309.65 | O35: =+P34 -> 275234.3 | P35: 276326.08 | Q35: =+SUM(P35-O35-W35) -> 829.34 | R35: =+S34 -> 195558.32 | S35: 196217.52 | T35: =SUM(S35-R35) -> 659.2 | U35: =+V34 -> 61521.96 | V35: 61784.4 | W35: =SUM(V35-U35) -> 262.44 | X35: =+Y34 -> 81922.32 | Y35: 82006.54 | Z35: =SUM(Y35-X35) -> 84.22 | AA35: =+AB34 -> 45172.07 | AB35: 45228.98 | AC35: =SUM(AB35-AA35) -> 56.91 | AD35: =+AE34 -> 40447 | AE35: 40662 | AF35: =SUM(AE35-AD35) -> 215 | AG35: =+AH35 -> 0 | AH35: =+AI33 -> 0 | AI35: =+AH36-AG35 -> 0 | AJ35: =SUM(AC35+Z35+W35+T35+Q35+N35+K35+E35+AF35+H35) -> 10217.69 | AK35: =+AL34 -> 2849893.5 | AL35: 2860238.3 | AM35: =SUM(AL35-AK35) -> 10344.82 | AN35: =SUM(AM35-AJ35) -> 127.13
B36: 45322 | C36: =+D35 -> 1512739.3 | D36: 1517687.3 | E36: =SUM(D36-C36) -> 4948.05 | F36: =+G35 -> 147387.06 | G36: 149848.19 | H36: =SUM(G36-F36) -> 2461.13 | I36: =+J35 -> 369846.16 | J36: 370218.32 | K36: =SUM(J36-I36) -> 372.16 | L36: =+M35 -> 138992.45 | M36: 139291.65 | N36: =SUM(M36-L36) -> 299.2 | O36: =+P35 -> 276326.08 | P36: 277416.9 | Q36: =+SUM(P36-O36-W36) -> 807.38 | R36: =+S35 -> 196217.52 | S36: 196878.48 | T36: =SUM(S36-R36) -> 660.96 | U36: =+V35 -> 61784.4 | V36: 62067.84 | W36: =SUM(V36-U36) -> 283.44 | X36: =+Y35 -> 82006.54 | Y36: 82103.95 | Z36: =SUM(Y36-X36) -> 97.41 | AA36: =+AB35 -> 45228.98 | AB36: 45282.87 | AC36: =SUM(AB36-AA36) -> 53.89 | AD36: =+AE35 -> 40662 | AE36: 40840 | AF36: =SUM(AE36-AD36) -> 178 | AG36: =+AH36 -> 0 | AH36: =+AI34 -> 0 | AI36: =+AH37-AG36 -> 0 | AJ36: =SUM(AC36+Z36+W36+T36+Q36+N36+K36+E36+AF36+H36) -> 10161.62 | AK36: =+AL35 -> 2860238.3 | AL36: 2870454.9 | AM36: =SUM(AL36-AK36) -> 10216.56 | AN36: =SUM(AM36-AJ36) -> 54.94
B37: Total KWH | E37: =SUM(E6:E36) -> 121428.41 | H37: =SUM(H6:H36) -> 49124.49 | K37: =SUM(K6:K36) -> 8408.82 | N37: =SUM(N6:N36) -> 6536.45 | Q37: =SUM(Q6:Q36) -> 19155.06 | T37: =SUM(T6:T36) -> 16520.96 | W37: =SUM(W6:W36) -> 6296.16 | Z37: =SUM(Z6:Z36) -> 2762.55 | AC37: =SUM(AC6:AC36) -> 1930.17 | AF37: =SUM(AF6:AF36) -> 6023 | AI37: =+SUM(AI22:AI36) -> 0 | AJ37: =SUM(AJ6:AJ36) -> 238186.07 | AM37: =+SUM(AM6:AM36) -> 239817.98

Sheet Feb-2024
B2: KWH Report February 2024 | O2: KWH Report February 2024
B3: DATE | C3: Busway 1 (PRE AND POST BLOW ROOM + DRYER +BLEACHING MACHINES+ STAMP PRESS+ CAKE OPENOR+ CENTRIFUGE+ BALE PRESS) | F3: Busway 2 (PRE AND POST BLOW ROOM + DRYER +BLEACHING MACHINES+ STAMP PRESS+ CAKE OPENOR+ CENTRIFUGE+ BALE PRESS+ LAWER) | I3: MCC-1(EXHAUST FAN+ FA FAN+ DRYER FAN+ SUBMERSIBLE PUMP +RECYCLE PUMP) | L3: MCC-2 (FA FAN +EXHAUST FAN CHEMICAL AREA+CAUSTIC FEED PUMP+WASTE WATER PUMP) | O3: MCC-3 (COMPRESSOR +FA FAN+ EXHAUST FAN)+BOILER) | R3: MCC-4 (SOFTENING PUMP+UV PUMP+FEED PUMP+ CAUSTIC PUMP+RAW WATER PUMP+ CHEMICAL AREA) | U3: MCC-5 (Boiler) | X3: LPDB-1 (PHASE 1 AND 2 LIGHTENING LOAD) | AA3: LPDB-2 (PRE BLOW ROOM LIGHTENING LOAD) | AD3: LPDB OFFICE | AG3: Booster Pump (Boiler)
C4: Opening | D4: Closing | E4: Kwh / day | F4: Opening | G4: Closing | H4: Kwh / day | I4: Opening | J4: Closing | K4: Kwh / day | L4: Opening | M4: Closing | N4: Kwh / day | O4: Opening | P4: Closing | Q4: Kwh / day | R4: Opening | S4: Closing | T4: Kwh / day | U4: Opening | V4: Closing | W4: Kwh / day | X4: Opening | Y4: Closing | Z4: Kwh / day | AA4: Opening | AB4: Closing | AC4: Kwh / day | AD4: Opening | AE4: Closing | AF4: Kwh / day | AG4: Opening | AH4: Closing | AI4: Kwh / day | AJ4: Total consumed | AK4: Main Incoming | AN4: Diff b/w main LT and consumption
AK5: Opening | AL5: Closing | AM5: Total Kwh / day
B6: 45323 | C6: =+'Jan 2024'!D36 -> 1517687.3 | D6: 1520585.2 | E6: =SUM(D6-C6) -> 2897.93 | F6: =+'Jan 2024'!G36 -> 149848.19 | G6: 151900.5 | H6: =SUM(G6-F6) -> 2052.31 | I6: =+'Jan 2024'!J36 -> 370218.32 | J6: 370510.32 | K6: =SUM(J6-I6) -> 292 | L6: =+'Jan 2024'!M36 -> 139291.65 | M6: 139511.97 | N6: =SUM(M6-L6) -> 220.32 | O6: =+'Jan 2024'!P36 -> 277416.9 | P6: 278257.24 | Q6: =+SUM(P6-O6-W6) -> 669.34 | R6: =+'Jan 2024'!S36 -> 196878.48 | S6: 197361.76 | T6: =SUM(S6-R6) -> 483.28 | U6: =+'Jan 2024'!V36 -> 62067.84 | V6: 62238.84 | W6: =SUM(V6-U6) -> 171 | X6: =+'Jan 2024'!Y36 -> 82103.95 | Y6: 82178.21 | Z6: =SUM(Y6-X6) -> 74.26 | AA6: =+'Jan 2024'!AB36 -> 45282.87 | AB6: 45335.2 | AC6: =SUM(AB6-AA6) -> 52.33 | AD6: =+'Jan 2024'!AE36 -> 40840 | AE6: 41073 | AF6: =SUM(AE6-AD6) -> 233 | AG6: 0 | AH6: 0 | AI6: =SUM(AH6-AG6) -> 0 | AJ6: =SUM(AC6+Z6+W6+T6+Q6+N6+K6+E6+AF6+H6) -> 7145.77 | AK6: =+'Jan 2024'!AL36 -> 2870454.9 | AL6: 2877644.3 | AM6: =SUM(AL6-AK6) -> 7189.45 | AN6: =SUM(AM6-AJ6) -> 43.68
B7: 45324 | C7: =+D6 -> 1520585.2 | D7: 1524662.8 | E7: =SUM(D7-C7) -> 4077.55 | F7: =+G6 -> 151900.5 | G7: 154469.36 | H7: =SUM(G7-F7) -> 2568.86 | I7: =+J6 -> 370510.32 | J7: 370857.6 | K7: =SUM(J7-I7) -> 347.28 | L7: =+M6 -> 139511.97 | M7: 139756.56 | N7: =SUM(M7-L7) -> 244.59 | O7: =+P6 -> 278257.24 | P7: 279233.6 | Q7: =+SUM(P7-O7-W7) -> 730.84 | R7: =+S6 -> 197361.76 | S7: 197908.32 | T7: =SUM(S7-R7) -> 546.56 | U7: =+V6 -> 62238.84 | V7: 62484.36 | W7: =SUM(V7-U7) -> 245.52 | X7: =+Y6 -> 82178.21 | Y7: 82297.1 | Z7: =SUM(Y7-X7) -> 118.89 | AA7: =+AB6 -> 45335.2 | AB7: 45402.81 | AC7: =SUM(AB7-AA7) -> 67.61 | AD7: =+AE6 -> 41073 | AE7: 41255 | AF7: =SUM(AE7-AD7) -> 182 | AG7: =+AH6 -> 0 | AH7: 0 | AI7: =SUM(AH7-AG7) -> 0 | AJ7: =SUM(AC7+Z7+W7+T7+Q7+N7+K7+E7+AF7+H7) -> 9129.7 | AK7: =+AL6 -> 2877644.3 | AL7: 2886796.2 | AM7: =SUM(AL7-AK7) -> 9151.91 | AN7: =SUM(AM7-AJ7) -> 22.21
B8: 45325 | C8: =+D7 -> 1524662.8 | D8: 1528832.1 | E8: =SUM(D8-C8) -> 4169.3 | F8: =+G7 -> 154469.36 | G8: 157348.73 | H8: =SUM(G8-F8) -> 2879.37 | I8: =+J7 -> 370857.6 | J8: 371219.12 | K8: =SUM(J8-I8) -> 361.52 | L8: =+M7 -> 139756.56 | M8: 140001.36 | N8: =SUM(M8-L8) -> 244.8 | O8: =+P7 -> 279233.6 | P8: 280107.52 | Q8: =+SUM(P8-O8-W8) -> 669.56 | R8: =+S7 -> 197908.32 | S8: 198519.68 | T8: =SUM(S8-R8) -> 611.36 | U8: =+V7 -> 62484.36 | V8: 62688.72 | W8: =SUM(V8-U8) -> 204.36 | X8: =+Y7 -> 82297.1 | Y8: 82402.73 | Z8: =SUM(Y8-X8) -> 105.63 | AA8: =+AB7 -> 45402.81 | AB8: 45469.1 | AC8: =SUM(AB8-AA8) -> 66.29 | AD8: =+AE7 -> 41255 | AE8: 41460 | AF8: =SUM(AE8-AD8) -> 205 | AG8: =+AH7 -> 0 | AH8: 0 | AI8: =SUM(AH8-AG8) -> 0 | AJ8: =SUM(AC8+Z8+W8+T8+Q8+N8+K8+E8+AF8+H8) -> 9517.19 | AK8: =+AL7 -> 2886796.2 | AL8: 2896390.3 | AM8: =SUM(AL8-AK8) -> 9594.07 | AN8: =SUM(AM8-AJ8) -> 76.88
B9: 45326 | C9: =+D8 -> 1528832.1 | D9: 1533656.1 | E9: =SUM(D9-C9) -> 4824.01 | F9: =+G8 -> 157348.73 | G9: 159508.54 | H9: =SUM(G9-F9) -> 2159.81 | I9: =+J8 -> 371219.12 | J9: 371702.88 | K9: =SUM(J9-I9) -> 483.76 | L9: =+M8 -> 140001.36 | M9: 140249.12 | N9: =SUM(M9-L9) -> 247.76 | O9: =+P8 -> 280107.52 | P9: 281107.52 | Q9: =+SUM(P9-O9-W9) -> 742.44 | R9: =+S8 -> 198519.68 | S9: 199080 | T9: =SUM(S9-R9) -> 560.32 | U9: =+V8 -> 62688.72 | V9: 62946.28 | W9: =SUM(V9-U9) -> 257.56 | X9: =+Y8 -> 82402.73 | Y9: 82509.52 | Z9: =SUM(Y9-X9) -> 106.79 | AA9: =+AB8 -> 45469.1 | AB9: 45531.04 | AC9: =SUM(AB9-AA9) -> 61.94 | AD9: =+AE8 -> 41460 | AE9: 41618 | AF9: =SUM(AE9-AD9) -> 158 | AG9: =+AH8 -> 0 | AH9: 0 | AI9: =SUM(AH9-AG9) -> 0 | AJ9: =SUM(AC9+Z9+W9+T9+Q9+N9+K9+E9+AF9+H9) -> 9602.39 | AK9: =+AL8 -> 2896390.3 | AL9: 2906020.8 | AM9: =SUM(AL9-AK9) -> 9630.49 | AN9: =SUM(AM9-AJ9) -> 28.1
B10: 45327 | C10: =+D9 -> 1533656.1 | D10: 1537020.2 | E10: =SUM(D10-C10) -> 3364.08 | F10: =+G9 -> 159508.54 | G10: 164007.02 | H10: =SUM(G10-F10) -> 4498.48 | I10: =+J9 -> 371702.88 | J10: 372166.16 | K10: =SUM(J10-I10) -> 463.28 | L10: =+M9 -> 140249.12 | M10: 140565.84 | N10: =SUM(M10-L10) -> 316.72 | O10: =+P9 -> 281107.52 | P10: 282092.8 | Q10: =+SUM(P10-O10-W10) -> 728.76 | R10: =+S9 -> 199080 | S10: 199670.08 | T10: =SUM(S10-R10) -> 590.08 | U10: =+V9 -> 62946.28 | V10: 63202.8 | W10: =SUM(V10-U10) -> 256.52 | X10: =+Y9 -> 82509.52 | Y10: 82681.15 | Z10: =SUM(Y10-X10) -> 171.63 | AA10: =+AB9 -> 45531.04 | AB10: 45594.62 | AC10: =SUM(AB10-AA10) -> 63.58 | AD10: =+AE9 -> 41618 | AE10: 41758 | AF10: =SUM(AE10-AD10) -> 140 | AG10: =+AH9 -> 0 | AH10: 0 | AI10: =SUM(AH10-AG10) -> 0 | AJ10: =SUM(AC10+Z10+W10+T10+Q10+N10+K10+E10+AF10+H10) -> 10593.13 | AK10: =+AL9 -> 2906020.8 | AL10: 2916690.4 | AM10: =SUM(AL10-AK10) -> 10669.63 | AN10: =SUM(AM10-AJ10) -> 76.5
B11: 45328 | C11: =+D10 -> 1537020.2 | D11: 1540164.2 | E11: =SUM(D11-C11) -> 3144.02 | F11: =+G10 -> 164007.02 | G11: 167803 | H11: =SUM(G11-F11) -> 3795.98 | I11: =+J10 -> 372166.16 | J11: 372665.61 | K11: =SUM(J11-I11) -> 499.45 | L11: =+M10 -> 140565.84 | M11: 140872.88 | N11: =SUM(M11-L11) -> 307.04 | O11: =+P10 -> 282092.8 | P11: 283121.98 | Q11: =+SUM(P11-O11-W11) -> 758.02 | R11: =+S10 -> 199670.08 | S11: 200218.4 | T11: =SUM(S11-R11) -> 548.32 | U11: =+V10 -> 63202.8 | V11: 63473.96 | W11: =SUM(V11-U11) -> 271.16 | X11: =+Y10 -> 82681.15 | Y11: 82831.5 | Z11: =SUM(Y11-X11) -> 150.35 | AA11: =+AB10 -> 45594.62 | AB11: 45669.09 | AC11: =SUM(AB11-AA11) -> 74.47 | AD11: =+AE10 -> 41758 | AE11: 41934 | AF11: =SUM(AE11-AD11) -> 176 | AG11: =+AH10 -> 0 | AH11: 0 | AI11: =SUM(AH11-AG11) -> 0 | AJ11: =SUM(AC11+Z11+W11+T11+Q11+N11+K11+E11+AF11+H11) -> 9724.81 | AK11: =+AL10 -> 2916690.4 | AL11: 2926459.9 | AM11: =SUM(AL11-AK11) -> 9769.47 | AN11: =SUM(AM11-AJ11) -> 44.66
B12: 45329 | C12: =+D11 -> 1540164.2 | D12: 1545511.9 | E12: =SUM(D12-C12) -> 5347.75 | F12: =+G11 -> 167803 | G12: 168112.7 | H12: =SUM(G12-F12) -> 309.7 | I12: =+J11 -> 372665.61 | J12: 373281.6 | K12: =SUM(J12-I12) -> 615.99 | L12: =+M11 -> 140872.88 | M12: 141058.8 | N12: =SUM(M12-L12) -> 185.92 | O12: =+P11 -> 283121.98 | P12: 283899.5 | Q12: =+SUM(P12-O12-W12) -> 637.08 | R12: =+S11 -> 200218.4 | S12: 200620.3 | T12: =SUM(S12-R12) -> 401.9 | U12: =+V11 -> 63473.96 | V12: 63614.4 | W12: =SUM(V12-U12) -> 140.44 | X12: =+Y11 -> 82831.5 | Y12: 82917.36 | Z12: =SUM(Y12-X12) -> 85.86 | AA12: =+AB11 -> 45669.09 | AB12: 45731.26 | AC12: =SUM(AB12-AA12) -> 62.17 | AD12: =+AE11 -> 41934 | AE12: 42164 | AF12: =SUM(AE12-AD12) -> 230 | AG12: =+AH11 -> 0 | AH12: 0 | AI12: =SUM(AH12-AG12) -> 0 | AJ12: =SUM(AC12+Z12+W12+T12+Q12+N12+K12+E12+AF12+H12) -> 8016.81 | AK12: =+AL11 -> 2926459.9 | AL12: 2934612.8 | AM12: =SUM(AL12-AK12) -> 8152.9 | AN12: =SUM(AM12-AJ12) -> 136.09
B13: 45330 | C13: =+D12 -> 1545511.9 | D13: 1545559.4 | E13: =SUM(D13-C13) -> 47.5 | F13: =+G12 -> 168112.7 | G13: 168128.64 | H13: =SUM(G13-F13) -> 15.94 | I13: =+J12 -> 373281.6 | J13: 373316.24 | K13: =SUM(J13-I13) -> 34.64 | L13: =+M12 -> 141058.8 | M13: 141062.8 | N13: =SUM(M13-L13) -> 4 | O13: =+P12 -> 283899.5 | P13: 283958.4 | Q13: =+SUM(P13-O13-W13) -> 33.34 | R13: =+S12 -> 200620.3 | S13: 200814.32 | T13: =SUM(S13-R13) -> 194.02 | U13: =+V12 -> 63614.4 | V13: 63639.96 | W13: =SUM(V13-U13) -> 25.56 | X13: =+Y12 -> 82917.36 | Y13: 82929.18 | Z13: =SUM(Y13-X13) -> 11.82 | AA13: =+AB12 -> 45731.26 | AB13: 45732.94 | AC13: =SUM(AB13-AA13) -> 1.68 | AD13: =+AE12 -> 42164 | AE13: 42226 | AF13: =SUM(AE13-AD13) -> 62 | AG13: =+AH12 -> 0 | AH13: 0 | AI13: =SUM(AH13-AG13) -> 0 | AJ13: =SUM(AC13+Z13+W13+T13+Q13+N13+K13+E13+AF13+H13) -> 430.5 | AK13: =+AL12 -> 2934612.8 | AL13: 2934940.5 | AM13: =SUM(AL13-AK13) -> 327.68 | AN13: =SUM(AM13-AJ13) -> -102.82
B14: 45331 | C14: =+D13 -> 1545559.4 | D14: 1549645.1 | E14: =SUM(D14-C14) -> 4085.66 | F14: =+G13 -> 168128.64 | G14: 169829.7 | H14: =SUM(G14-F14) -> 1701.06 | I14: =+J13 -> 373316.24 | J14: 373544.72 | K14: =SUM(J14-I14) -> 228.48 | L14: =+M13 -> 141062.8 | M14: 141313.36 | N14: =SUM(M14-L14) -> 250.56 | O14: =+P13 -> 283958.4 | P14: 284842.82 | Q14: =+SUM(P14-O14-W14) -> 701.86 | R14: =+S13 -> 200814.32 | S14: 201275.6 | T14: =SUM(S14-R14) -> 461.28 | U14: =+V13 -> 63639.96 | V14: 63822.52 | W14: =SUM(V14-U14) -> 182.56 | X14: =+Y13 -> 82929.18 | Y14: 83019.36 | Z14: =SUM(Y14-X14) -> 90.18 | AA14: =+AB13 -> 45732.94 | AB14: 45793.4 | AC14: =SUM(AB14-AA14) -> 60.46 | AD14: =+AE13 -> 42226 | AE14: 42422 | AF14: =SUM(AE14-AD14) -> 196 | AG14: =+AH13 -> 0 | AH14: 0 | AI14: =SUM(AH14-AG14) -> 0 | AJ14: =SUM(AC14+Z14+W14+T14+Q14+N14+K14+E14+AF14+H14) -> 7958.1 | AK14: =+AL13 -> 2934940.5 | AL14: 2942980.3 | AM14: =SUM(AL14-AK14) -> 8039.84 | AN14: =SUM(AM14-AJ14) -> 81.74
B15: 45332 | C15: =+D14 -> 1549645.1 | D15: 1551845.2 | E15: =SUM(D15-C15) -> 2200.09 | F15: =+G14 -> 169829.7 | G15: 173497.2 | H15: =SUM(G15-F15) -> 3667.5 | I15: =+J14 -> 373544.72 | J15: 373805.2 | K15: =SUM(J15-I15) -> 260.48 | L15: =+M14 -> 141313.36 | M15: 141572.93 | N15: =SUM(M15-L15) -> 259.57 | O15: =+P14 -> 284842.82 | P15: 285646.08 | Q15: =+SUM(P15-O15-W15) -> 671.94 | R15: =+S14 -> 201275.6 | S15: 201737.12 | T15: =SUM(S15-R15) -> 461.52 | U15: =+V14 -> 63822.52 | V15: 63953.84 | W15: =SUM(V15-U15) -> 131.32 | X15: =+Y14 -> 83019.36 | Y15: 83129.95 | Z15: =SUM(Y15-X15) -> 110.59 | AA15: =+AB14 -> 45793.4 | AB15: 45837.52 | AC15: =SUM(AB15-AA15) -> 44.12 | AD15: =+AE14 -> 42422 | AE15: 42601 | AF15: =SUM(AE15-AD15) -> 179 | AG15: =+AH14 -> 0 | AH15: 0 | AI15: =SUM(AH15-AG15) -> 0 | AJ15: =SUM(AC15+Z15+W15+T15+Q15+N15+K15+E15+AF15+H15) -> 7986.13 | AK15: =+AL14 -> 2942980.3 | AL15: 2951014.3 | AM15: =SUM(AL15-AK15) -> 8034.01 | AN15: =SUM(AM15-AJ15) -> 47.88
B16: 45333 | C16: =+D15 -> 1551845.2 | D16: 1556658.8 | E16: =SUM(D16-C16) -> 4813.6 | F16: =+G15 -> 173497.2 | G16: 175650.43 | H16: =SUM(G16-F16) -> 2153.23 | I16: =+J15 -> 373805.2 | J16: 374228.32 | K16: =SUM(J16-I16) -> 423.12 | L16: =+M15 -> 141572.93 | M16: 141833.57 | N16: =SUM(M16-L16) -> 260.64 | O16: =+P15 -> 285646.08 | P16: 286624.3 | Q16: =+SUM(P16-O16-W16) -> 763.86 | R16: =+S15 -> 201737.12 | S16: 202556 | T16: =SUM(S16-R16) -> 818.88 | U16: =+V15 -> 63953.84 | V16: 64168.2 | W16: =SUM(V16-U16) -> 214.36 | X16: =+Y15 -> 83129.95 | Y16: 83244.57 | Z16: =SUM(Y16-X16) -> 114.62 | AA16: =+AB15 -> 45837.52 | AB16: 45891.31 | AC16: =SUM(AB16-AA16) -> 53.79 | AD16: =+AE15 -> 42601 | AE16: 42760 | AF16: =SUM(AE16-AD16) -> 159 | AG16: =+AH15 -> 0 | AH16: 0 | AI16: =SUM(AH16-AG16) -> 0 | AJ16: =SUM(AC16+Z16+W16+T16+Q16+N16+K16+E16+AF16+H16) -> 9775.1 | AK16: =+AL15 -> 2951014.3 | AL16: 2960854.8 | AM16: =SUM(AL16-AK16) -> 9840.47 | AN16: =SUM(AM16-AJ16) -> 65.37
B17: 45334 | C17: =+D16 -> 1556658.8 | D17: 1560280.5 | E17: =SUM(D17-C17) -> 3621.72 | F17: =+G16 -> 175650.43 | G17: 179825.43 | H17: =SUM(G17-F17) -> 4175 | I17: =+J16 -> 374228.32 | J17: 374748.88 | K17: =SUM(J17-I17) -> 520.56 | L17: =+M16 -> 141833.57 | M17: 142157.84 | N17: =SUM(M17-L17) -> 324.27 | O17: =+P16 -> 286624.3 | P17: 287646.24 | Q17: =+SUM(P17-O17-W17) -> 785.86 | R17: =+S16 -> 202556 | S17: 203488.08 | T17: =SUM(S17-R17) -> 932.08 | U17: =+V16 -> 64168.2 | V17: 64404.28 | W17: =SUM(V17-U17) -> 236.08 | X17: =+Y16 -> 83244.57 | Y17: 83326.28 | Z17: =SUM(Y17-X17) -> 81.71 | AA17: =+AB16 -> 45891.31 | AB17: 45954.37 | AC17: =SUM(AB17-AA17) -> 63.06 | AD17: =+AE16 -> 42760 | AE17: 42981 | AF17: =SUM(AE17-AD17) -> 221 | AG17: =+AH16 -> 0 | AH17: 0 | AI17: =SUM(AH17-AG17) -> 0 | AJ17: =SUM(AC17+Z17+W17+T17+Q17+N17+K17+E17+AF17+H17) -> 10961.34 | AK17: =+AL16 -> 2960854.8 | AL17: 2971832.1 | AM17: =SUM(AL17-AK17) -> 10977.27 | AN17: =SUM(AM17-AJ17) -> 15.93
B18: 45335 | C18: =+D17 -> 1560280.5 | D18: 1563325.2 | E18: =SUM(D18-C18) -> 3044.68 | F18: =+G17 -> 179825.43 | G18: 183880.8 | H18: =SUM(G18-F18) -> 4055.37 | I18: =+J17 -> 374748.88 | J18: 375292.4 | K18: =SUM(J18-I18) -> 543.52 | L18: =+M17 -> 142157.84 | M18: 142465.8 | N18: =SUM(M18-L18) -> 307.96 | O18: =+P17 -> 287646.24 | P18: 288643.2 | Q18: =+SUM(P18-O18-W18) -> 768.74 | R18: =+S17 -> 203488.08 | S18: 204350 | T18: =SUM(S18-R18) -> 861.92 | U18: =+V17 -> 64404.28 | V18: 64632.5 | W18: =SUM(V18-U18) -> 228.22 | X18: =+Y17 -> 83326.28 | Y18: 83452.8 | Z18: =SUM(Y18-X18) -> 126.52 | AA18: =+AB17 -> 45954.37 | AB18: 46023.3 | AC18: =SUM(AB18-AA18) -> 68.93 | AD18: =+AE17 -> 42981 | AE18: 43152 | AF18: =SUM(AE18-AD18) -> 171 | AG18: =+AH17 -> 0 | AH18: 0 | AI18: =SUM(AH18-AG18) -> 0 | AJ18: =SUM(AC18+Z18+W18+T18+Q18+N18+K18+E18+AF18+H18) -> 10176.86 | AK18: =+AL17 -> 2971832.1 | AL18: 2982073.7 | AM18: =SUM(AL18-AK18) -> 10241.63 | AN18: =SUM(AM18-AJ18) -> 64.77
... B34: 45351 | C34: =+D33 -> 1629354 | D34: 1632726.4 | E34: =SUM(D34-C34) -> 3372.44 | F34: =+G33 -> 224009.8 | G34: 228291.03 | H34: =SUM(G34-F34) -> 4281.23 | I34: =+J33 -> 382404.81 | J34: 382953.44 | K34: =SUM(J34-I34) -> 548.63 | L34: =+M33 -> 146880.48 | M34: 147214.59 | N34: =SUM(M34-L34) -> 334.11 | O34: =+P33 -> 303934.21 | P34: 305010.82 | Q34: =+SUM(P34-O34-W34) -> 836.13 | R34: =+S33 -> 214933.04 | S34: 215620.48 | T34: =SUM(S34-R34) -> 687.44 | U34: =+V33 -> 68009.96 | V34: 68250.44 | W34: =SUM(V34-U34) -> 240.48 | X34: =+Y33 -> 85003.89 | Y34: 85132.92 | Z34: =SUM(Y34-X34) -> 129.03 | AA34: =+AB33 -> 46775.78 | AB34: 46826.65 | AC34: =SUM(AB34-AA34) -> 50.87 | AD34: =+AE33 -> 46211 | AE34: 46473 | AF34: =SUM(AE34-AD34) -> 262 | AG34: =+AH33 -> 0 | AH34: 0 | AI34: =SUM(AH34-AG34) -> 0 | AJ34: =SUM(AC34+Z34+W34+T34+Q34+N34+K34+E34+AF34+H34) -> 10742.36 | AK34: =+AL33 -> 3131668.9 | AL34: 3142452.3 | AM34: =SUM(AL34-AK34) -> 10783.39 | AN34: =SUM(AM34-AJ34) -> 41.03
B35: Total | E35: =SUM(E6:E34) -> 115039.13 | H35: =SUM(H6:H34) -> 78442.84 | K35: =SUM(K6:K34) -> 12735.12 | N35: =SUM(N6:N34) -> 7922.94 | Q35: =SUM(Q6:Q34) -> 21411.32 | T35: =SUM(T6:T34) -> 18742 | W35: =SUM(W6:W34) -> 6182.6 | Z35: =SUM(Z6:Z34) -> 3028.97 | AC35: =SUM(AC6:AC34) -> 1543.78 | AF35: =SUM(AF6:AF34) -> 5633 | AI35: =SUM(AI6:AI34) -> 0 | AM35: =SUM(AM6:AM34) -> 271997.41

Sheet Mar-2024
B2: KWH Report March 2024 | O2: KWH Report March 2024
B3: DATE | C3: Busway 1 (PRE AND POST BLOW ROOM + DRYER +BLEACHING MACHINES+ STAMP PRESS+ CAKE OPENOR+ CENTRIFUGE+ BALE PRESS) | F3: Busway 2 (PRE AND POST BLOW ROOM + DRYER +BLEACHING MACHINES+ STAMP PRESS+ CAKE OPENOR+ CENTRIFUGE+ BALE PRESS+ LAWER) | I3: MCC-1(EXHAUST FAN+ FA FAN+ DRYER FAN+ SUBMERSIBLE PUMP +RECYCLE PUMP) | L3: MCC-2 (FA FAN +EXHAUST FAN CHEMICAL AREA+CAUSTIC FEED PUMP+WASTE WATER PUMP) | O3: MCC-3 (COMPRESSOR +FA FAN+ EXHAUST FAN)+BOILER) | R3: MCC-4 (SOFTENING PUMP+UV PUMP+FEED PUMP+ CAUSTIC PUMP+RAW WATER PUMP+ CHEMICAL AREA) | U3: MCC-5 (Boiler) | X3: LPDB-1 (PHASE 1 AND 2 LIGHTENING LOAD) | AA3: LPDB-2 (PRE BLOW ROOM LIGHTENING LOAD) | AD3: LPDB OFFICE | AG3: Booster Pump (Boiler)
C4: Opening | D4: Closing | E4: Kwh / day | F4: Opening | G4: Closing | H4: Kwh / day | I4: Opening | J4: Closing | K4: Kwh / day | L4: Opening | M4: Closing | N4: Kwh / day | O4: Opening | P4: Closing | Q4: Kwh / day | R4: Opening | S4: Closing | T4: Kwh / day | U4: Opening | V4: Closing | W4: Kwh / day | X4: Opening | Y4: Closing | Z4: Kwh / day | AA4: Opening | AB4: Closing | AC4: Kwh / day | AD4: Opening | AE4: Closing | AF4: Kwh / day | AG4: Opening | AH4: Closing | AI4: Kwh / day | AJ4: Total consumed | AK4: Main Incoming | AN4: Diff b/w main LT and consumption
AK5: Opening | AL5: Closing | AM5: Total Kwh / day
B6: 45352 | C6: 1632726.4 | D6: 1638485.8 | E6: =SUM(D6-C6) -> 5759.34 | F6: 228291.03 | G6: 230400.03 | H6: =SUM(G6-F6) -> 2109 | I6: 382953.44 | J6: 383473.28 | K6: =SUM(J6-I6) -> 519.84 | L6: 147214.59 | M6: 147517.25 | N6: =SUM(M6-L6) -> 302.66 | O6: 305010.82 | P6: 306043.58 | Q6: =+SUM(P6-O6-W6) -> 794.56 | R6: 215620.48 | S6: 216244.24 | T6: =SUM(S6-R6) -> 623.76 | U6: 68250.44 | V6: 68488.64 | W6: =SUM(V6-U6) -> 238.2 | X6: 85132.92 | Y6: 85253.52 | Z6: =SUM(Y6-X6) -> 120.6 | AA6: 46826.65 | AB6: 46881.14 | AC6: =SUM(AB6-AA6) -> 54.49 | AD6: 46473 | AE6: 46671 | AF6: =SUM(AE6-AD6) -> 198 | AG6: 0 | AH6: 0 | AI6: =SUM(AH6-AG6) -> 0 | AJ6: =SUM(AC6+Z6+W6+T6+Q6+N6+K6+E6+AF6+H6) -> 10720.45 | AK6: ='Feb-2024'!AL34 -> 3142452.3 | AL6: 3153281.8 | AM6: =SUM(AL6-AK6) -> 10829.53 | AN6: =SUM(AM6-AJ6) -> 109.08
B7: 45353 | C7: =+D6 -> 1638485.8 | D7: 1644272.1 | E7: =SUM(D7-C7) -> 5786.35 | F7: =+G6 -> 230400.03 | G7: 231877.29 | H7: =SUM(G7-F7) -> 1477.26 | I7: =+J6 -> 383473.28 | J7: 383855.76 | K7: =SUM(J7-I7) -> 382.48 | L7: =+M6 -> 147517.25 | M7: 147762.56 | N7: =SUM(M7-L7) -> 245.31 | O7: =+P6 -> 306043.58 | P7: 307010.08 | Q7: =+SUM(P7-O7-W7) -> 730.42 | R7: =+S6 -> 216244.24 | S7: 216877.92 | T7: =SUM(S7-R7) -> 633.68 | U7: =+V6 -> 68488.64 | V7: 68724.72 | W7: =SUM(V7-U7) -> 236.08 | X7: =+Y6 -> 85253.52 | Y7: 85377.7 | Z7: =SUM(Y7-X7) -> 124.18 | AA7: =+AB6 -> 46881.14 | AB7: 46932.55 | AC7: =SUM(AB7-AA7) -> 51.41 | AD7: =+AE6 -> 46671 | AE7: 46868 | AF7: =SUM(AE7-AD7) -> 197 | AG7: =+AH6 -> 0 | AH7: 0 | AI7: =SUM(AH7-AG7) -> 0 | AJ7: =SUM(AC7+Z7+W7+T7+Q7+N7+K7+E7+AF7+H7) -> 9864.17 | AK7: =+AL6 -> 3153281.8 | AL7: 3163186.6 | AM7: =SUM(AL7-AK7) -> 9904.8 | AN7: =SUM(AM7-AJ7) -> 40.63
B8: 45354 | C8: =+D7 -> 1644272.1 | D8: 1648364.8 | E8: =SUM(D8-C8) -> 4092.68 | F8: =+G7 -> 231877.29 | G8: 233141.52 | H8: =SUM(G8-F8) -> 1264.23 | I8: =+J7 -> 383855.76 | J8: 384182.16 | K8: =SUM(J8-I8) -> 326.4 | L8: =+M7 -> 147762.56 | M8: 147956.67 | N8: =SUM(M8-L8) -> 194.11 | O8: =+P7 -> 307010.08 | P8: 307804.74 | Q8: =+SUM(P8-O8-W8) -> 622.94 | R8: =+S7 -> 216877.92 | S8: 217427.92 | T8: =SUM(S8-R8) -> 550 | U8: =+V7 -> 68724.72 | V8: 68896.44 | W8: =SUM(V8-U8) -> 171.72 | X8: =+Y7 -> 85377.7 | Y8: 85466.71 | Z8: =SUM(Y8-X8) -> 89.01 | AA8: =+AB7 -> 46932.55 | AB8: 46981.88 | AC8: =SUM(AB8-AA8) -> 49.33 | AD8: =+AE7 -> 46868 | AE8: 46989 | AF8: =SUM(AE8-AD8) -> 121 | AG8: =+AH7 -> 0 | AH8: 0 | AI8: =SUM(AH8-AG8) -> 0 | AJ8: =SUM(AC8+Z8+W8+T8+Q8+N8+K8+E8+AF8+H8) -> 7481.42 | AK8: =+AL7 -> 3163186.6 | AL8: 3170699.2 | AM8: =SUM(AL8-AK8) -> 7512.63 | AN8: =SUM(AM8-AJ8) -> 31.21
B9: 45355 | C9: =+D8 -> 1648364.8 | D9: 1653460 | E9: =SUM(D9-C9) -> 5095.19 | F9: =+G8 -> 233141.52 | G9: 235051.43 | H9: =SUM(G9-F9) -> 1909.91 | I9: =+J8 -> 384182.16 | J9: 384584.64 | K9: =SUM(J9-I9) -> 402.48 | L9: =+M8 -> 147956.67 | M9: 148201.89 | N9: =SUM(M9-L9) -> 245.22 | O9: =+P8 -> 307804.74 | P9: 308773.6 | Q9: =+SUM(P9-O9-W9) -> 740.66 | R9: =+S8 -> 217427.92 | S9: 218174.96 | T9: =SUM(S9-R9) -> 747.04 | U9: =+V8 -> 68896.44 | V9: 69124.64 | W9: =SUM(V9-U9) -> 228.2 | X9: =+Y8 -> 85466.71 | Y9: 85572.19 | Z9: =SUM(Y9-X9) -> 105.48 | AA9: =+AB8 -> 46981.88 | AB9: 47041.5 | AC9: =SUM(AB9-AA9) -> 59.62 | AD9: =+AE8 -> 46989 | AE9: 47168 | AF9: =SUM(AE9-AD9) -> 179 | AG9: =+AH8 -> 0 | AH9: 0 | AI9: =SUM(AH9-AG9) -> 0 | AJ9: =SUM(AC9+Z9+W9+T9+Q9+N9+K9+E9+AF9+H9) -> 9712.8 | AK9: =+AL8 -> 3170699.2 | AL9: 3180463.4 | AM9: =SUM(AL9-AK9) -> 9764.14 | AN9: =SUM(AM9-AJ9) -> 51.34
B10: 45356 | C10: =+D9 -> 1653460 | D10: 1659201.4 | E10: =SUM(D10-C10) -> 5741.42 | F10: =+G9 -> 235051.43 | G10: 236860.18 | H10: =SUM(G10-F10) -> 1808.75 | I10: =+J9 -> 384584.64 | J10: 384974.96 | K10: =SUM(J10-I10) -> 390.32 | L10: =+M9 -> 148201.89 | M10: 148453.76 | N10: =SUM(M10-L10) -> 251.87 | O10: =+P9 -> 308773.6 | P10: 309688.58 | Q10: =+SUM(P10-O10-W10) -> 686.58 | R10: =+S9 -> 218174.96 | S10: 218803.68 | T10: =SUM(S10-R10) -> 628.72 | U10: =+V9 -> 69124.64 | V10: 69353.04 | W10: =SUM(V10-U10) -> 228.4 | X10: =+Y9 -> 85572.19 | Y10: 85695.44 | Z10: =SUM(Y10-X10) -> 123.25 | AA10: =+AB9 -> 47041.5 | AB10: 47097.38 | AC10: =SUM(AB10-AA10) -> 55.88 | AD10: =+AE9 -> 47168 | AE10: 47411 | AF10: =SUM(AE10-AD10) -> 243 | AG10: =+AH9 -> 0 | AH10: 0 | AI10: =SUM(AH10-AG10) -> 0 | AJ10: =SUM(AC10+Z10+W10+T10+Q10+N10+K10+E10+AF10+H10) -> 10158.19 | AK10: =+AL9 -> 3180463.4 | AL10: 3190674.5 | AM10: =SUM(AL10-AK10) -> 10211.06 | AN10: =SUM(AM10-AJ10) -> 52.87
B11: 45357 | C11: =+D10 -> 1659201.4 | D11: 1662930.5 | E11: =SUM(D11-C11) -> 3729.08 | F11: =+G10 -> 236860.18 | G11: 240623.4 | H11: =SUM(G11-F11) -> 3763.22 | I11: =+J10 -> 384974.96 | J11: 385448.08 | K11: =SUM(J11-I11) -> 473.12 | L11: =+M10 -> 148453.76 | M11: 148680.83 | N11: =SUM(M11-L11) -> 227.07 | O11: =+P10 -> 309688.58 | P11: 310625.18 | Q11: =+SUM(P11-O11-W11) -> 709.32 | R11: =+S10 -> 218803.68 | S11: 219404.5 | T11: =SUM(S11-R11) -> 600.82 | U11: =+V10 -> 69353.04 | V11: 69580.32 | W11: =SUM(V11-U11) -> 227.28 | X11: =+Y10 -> 85695.44 | Y11: 85812.03 | Z11: =SUM(Y11-X11) -> 116.59 | AA11: =+AB10 -> 47097.38 | AB11: 47201.53 | AC11: =SUM(AB11-AA11) -> 104.15 | AD11: =+AE10 -> 47411 | AE11: 47624 | AF11: =SUM(AE11-AD11) -> 213 | AG11: =+AH10 -> 0 | AH11: 0 | AI11: =SUM(AH11-AG11) -> 0 | AJ11: =SUM(AC11+Z11+W11+T11+Q11+N11+K11+E11+AF11+H11) -> 10163.65 | AK11: =+AL10 -> 3190674.5 | AL11: 3200914.7 | AM11: =SUM(AL11-AK11) -> 10240.25 | AN11: =SUM(AM11-AJ11) -> 76.6
B12: 45358 | C12: =+D11 -> 1662930.5 | D12: 1664501.7 | E12: =SUM(D12-C12) -> 1571.23 | F12: =+G11 -> 240623.4 | G12: 244605.67 | H12: =SUM(G12-F12) -> 3982.27 | I12: =+J11 -> 385448.08 | J12: 385803.44 | K12: =SUM(J12-I12) -> 355.36 | L12: =+M11 -> 148680.83 | M12: 148871.52 | N12: =SUM(M12-L12) -> 190.69 | O12: =+P11 -> 310625.18 | P12: 311411.9 | Q12: =+SUM(P12-O12-W12) -> 2605.72 | R12: =+S11 -> 219404.5 | S12: 219967.92 | T12: =SUM(S12-R12) -> 563.42 | U12: =+V11 -> 69580.32 | V12: 67761.32 | W12: =SUM(V12-U12) -> -1819 | X12: =+Y11 -> 85812.03 | Y12: 85901.17 | Z12: =SUM(Y12-X12) -> 89.14 | AA12: =+AB11 -> 47201.53 | AB12: 47206.28 | AC12: =SUM(AB12-AA12) -> 4.75 | AD12: =+AE11 -> 47624 | AE12: 47805 | AF12: =SUM(AE12-AD12) -> 181 | AG12: 0 | AH12: 0 | AI12: 0 | AJ12: =SUM(AC12+Z12+W12+T12+Q12+N12+K12+E12+AF12+H12) -> 7724.58 | AK12: =+AL11 -> 3200914.7 | AL12: 3208708.7 | AM12: =SUM(AL12-AK12) -> 7794.04 | AN12: =SUM(AM12-AJ12) -> 69.46
B13: 45359 | C13: =+D12 -> 1664501.7 | D13: 1667104.1 | E13: =SUM(D13-C13) -> 2602.34 | F13: =+G12 -> 244605.67 | G13: 249279.39 | H13: =SUM(G13-F13) -> 4673.72 | I13: =+J12 -> 385803.44 | J13: 386245.92 | K13: =SUM(J13-I13) -> 442.48 | L13: =+M12 -> 148871.52 | M13: 149127.3 | N13: =SUM(M13-L13) -> 255.78 | O13: =+P12 -> 311411.9 | P13: 312447.1 | Q13: =+SUM(P13-O13-W13) -> -1209.4 | R13: =+S12 -> 219967.92 | S13: 220693.12 | T13: =SUM(S13-R13) -> 725.2 | U13: =+V12 -> 67761.32 | V13: 70005.92 | W13: =SUM(V13-U13) -> 2244.6 | X13: =+Y12 -> 85901.17 | Y13: 86055.52 | Z13: =SUM(Y13-X13) -> 154.35 | AA13: =+AB12 -> 47206.28 | AB13: 47274.87 | AC13: =SUM(AB13-AA13) -> 68.59 | AD13: =+AE12 -> 47805 | AE13: 48047 | AF13: =SUM(AE13-AD13) -> 242 | AG13: 0 | AH13: 0 | AI13: 0 | AJ13: =SUM(AC13+Z13+W13+T13+Q13+N13+K13+E13+AF13+H13) -> 10199.66 | AK13: =+AL12 -> 3208708.7 | AL13: 3218965.6 | AM13: =SUM(AL13-AK13) -> 10256.86 | AN13: =SUM(AM13-AJ13) -> 57.2
B14: 45360 | C14: =+D13 -> 1667104.1 | D14: 1670217.9 | E14: =SUM(D14-C14) -> 3113.79 | F14: =+G13 -> 249279.39 | G14: 253747.97 | H14: =SUM(G14-F14) -> 4468.58 | I14: =+J13 -> 386245.92 | J14: 386765.76 | K14: =SUM(J14-I14) -> 519.84 | L14: =+M13 -> 149127.3 | M14: 149398.24 | N14: =SUM(M14-L14) -> 270.94 | O14: =+P13 -> 312447.1 | P14: 313455.62 | Q14: =+SUM(P14-O14-W14) -> 779 | R14: =+S13 -> 220693.12 | S14: 221409.68 | T14: =SUM(S14-R14) -> 716.56 | U14: =+V13 -> 70005.92 | V14: 70235.44 | W14: =SUM(V14-U14) -> 229.52 | X14: =+Y13 -> 86055.52 | Y14: 86199.19 | Z14: =SUM(Y14-X14) -> 143.67 | AA14: =+AB13 -> 47274.87 | AB14: 47337.2 | AC14: =SUM(AB14-AA14) -> 62.33 | AD14: =+AE13 -> 48047 | AE14: 48302 | AF14: =SUM(AE14-AD14) -> 255 | AG14: 0 | AH14: 0 | AI14: 0 | AJ14: =SUM(AC14+Z14+W14+T14+Q14+N14+K14+E14+AF14+H14) -> 10559.23 | AK14: =+AL13 -> 3218965.6 | AL14: 3229585.3 | AM14: =SUM(AL14-AK14) -> 10619.68 | AN14: =SUM(AM14-AJ14) -> 60.45
B15: 45361 | C15: =+D14 -> 1670217.9 | D15: 1671077.2 | E15: =SUM(D15-C15) -> 859.37 | F15: =+G14 -> 253747.97 | G15: 258186.03 | H15: =SUM(G15-F15) -> 4438.06 | I15: =+J14 -> 386765.76 | J15: 387182.88 | K15: =SUM(J15-I15) -> 417.12 | L15: =+M14 -> 149398.24 | M15: 149591.97 | N15: =SUM(M15-L15) -> 193.73 | O15: =+P14 -> 313455.62 | P15: 314292.74 | Q15: =+SUM(P15-O15-W15) -> 664.52 | R15: =+S14 -> 221409.68 | S15: 221975.2 | T15: =SUM(S15-R15) -> 565.52 | U15: =+V14 -> 70235.44 | V15: 70408.04 | W15: =SUM(V15-U15) -> 172.6 | X15: =+Y14 -> 86199.19 | Y15: 86291.11 | Z15: =SUM(Y15-X15) -> 91.92 | AA15: =+AB14 -> 47337.2 | AB15: 47406.52 | AC15: =SUM(AB15-AA15) -> 69.32 | AD15: =+AE14 -> 48302 | AE15: 48481 | AF15: =SUM(AE15-AD15) -> 179 | AG15: 0 | AH15: 0 | AI15: 0 | AJ15: =SUM(AC15+Z15+W15+T15+Q15+N15+K15+E15+AF15+H15) -> 7651.16 | AK15: =+AL14 -> 3229585.3 | AL15: 3237276 | AM15: =SUM(AL15-AK15) -> 7690.67 | AN15: =SUM(AM15-AJ15) -> 39.51
B16: 45362 | C16: =+D15 -> 1671077.2 | D16: 1675143.4 | E16: =SUM(D16-C16) -> 4066.18 | F16: =+G15 -> 258186.03 | G16: 262438.05 | H16: =SUM(G16-F16) -> 4252.02 | I16: =+J15 -> 387182.88 | J16: 387713.04 | K16: =SUM(J16-I16) -> 530.16 | L16: =+M15 -> 149591.97 | M16: 149856.35 | N16: =SUM(M16-L16) -> 264.38 | O16: =+P15 -> 314292.74 | P16: 315427.46 | Q16: =+SUM(P16-O16-W16) -> 876.88 | R16: =+S15 -> 221975.2 | S16: 222695.2 | T16: =SUM(S16-R16) -> 720 | U16: =+V15 -> 70408.04 | V16: 70665.88 | W16: =SUM(V16-U16) -> 257.84 | X16: =+Y15 -> 86291.11 | Y16: 86438.01 | Z16: =SUM(Y16-X16) -> 146.9 | AA16: =+AB15 -> 47406.52 | AB16: 47479.59 | AC16: =SUM(AB16-AA16) -> 73.07 | AD16: =+AE15 -> 48481 | AE16: 48722 | AF16: =SUM(AE16-AD16) -> 241 | AG16: 0 | AH16: 0 | AI16: 0 | AJ16: =SUM(AC16+Z16+W16+T16+Q16+N16+K16+E16+AF16+H16) -> 11428.43 | AK16: =+AL15 -> 3237276 | AL16: 3248761.9 | AM16: =SUM(AL16-AK16) -> 11485.97 | AN16: =SUM(AM16-AJ16) -> 57.54
B17: 45363 | C17: =+D16 -> 1675143.4 | D17: 1680123.9 | E17: =SUM(D17-C17) -> 4980.49 | F17: =+G16 -> 262438.05 | G17: 265037.31 | H17: =SUM(G17-F17) -> 2599.26 | I17: =+J16 -> 387713.04 | J17: 388377.44 | K17: =SUM(J17-I17) -> 664.4 | L17: =+M16 -> 149856.35 | M17: 150090.21 | N17: =SUM(M17-L17) -> 233.86 | O17: =+P16 -> 315427.46 | P17: 316506.4 | Q17: =+SUM(P17-O17-W17) -> 835.98 | R17: =+S16 -> 222695.2 | S17: 223362.64 | T17: =SUM(S17-R17) -> 667.44 | U17: =+V16 -> 70665.88 | V17: 70908.84 | W17: =SUM(V17-U17) -> 242.96 | X17: =+Y16 -> 86438.01 | Y17: 86581.18 | Z17: =SUM(Y17-X17) -> 143.17 | AA17: =+AB16 -> 47479.59 | AB17: 47540.43 | AC17: =SUM(AB17-AA17) -> 60.84 | AD17: =+AE16 -> 48722 | AE17: 48935 | AF17: =SUM(AE17-AD17) -> 213 | AG17: 0 | AH17: 0 | AI17: 0 | AJ17: =SUM(AC17+Z17+W17+T17+Q17+N17+K17+E17+AF17+H17) -> 10641.4 | AK17: =+AL16 -> 3248761.9 | AL17: 3259438.9 | AM17: =SUM(AL17-AK17) -> 10676.98 | AN17: =SUM(AM17-AJ17) -> 35.58
B18: 45364 | C18: =+D17 -> 1680123.9 | D18: 1685631.6 | E18: =SUM(D18-C18) -> 5507.72 | F18: =+G17 -> 265037.31 | G18: 267200.9 | H18: =SUM(G18-F18) -> 2163.59 | I18: =+J17 -> 388377.44 | J18: 388997.28 | K18: =SUM(J18-I18) -> 619.84 | L18: =+M17 -> 150090.21 | M18: 150342.16 | N18: =SUM(M18-L18) -> 251.95 | O18: =+P17 -> 316506.4 | P18: 317572.6 | Q18: =+SUM(P18-O18-W18) -> 827.4 | R18: =+S17 -> 223362.64 | S18: 224048.9 | T18: =SUM(S18-R18) -> 686.26 | U18: =+V17 -> 70908.84 | V18: 71147.64 | W18: =SUM(V18-U18) -> 238.8 | X18: =+Y17 -> 86581.18 | Y18: 86720.84 | Z18: =SUM(Y18-X18) -> 139.66 | AA18: =+AB17 -> 47540.43 | AB18: 47588.05 | AC18: =SUM(AB18-AA18) -> 47.62 | AD18: =+AE17 -> 48935 | AE18: 49186 | AF18: =SUM(AE18-AD18) -> 251 | AG18: 0 | AH18: 0 | AI18: 0 | AJ18: =SUM(AC18+Z18+W18+T18+Q18+N18+K18+E18+AF18+H18) -> 10733.84 | AK18: =+AL17 -> 3259438.9 | AL18: 3270228.1 | AM18: =SUM(AL18-AK18) -> 10789.2 | AN18: =SUM(AM18-AJ18) -> 55.36
B19: 45365 | C19: =+D18 -> 1685631.6 | D19: 1689544.2 | E19: =SUM(D19-C19) -> 3912.58 | F19: =+G18 -> 267200.9 | G19: 270400.9 | H19: =SUM(G19-F19) -> 3200 | I19: =+J18 -> 388997.28 | J19: 389619.6 | K19: =SUM(J19-I19) -> 622.32 | L19: =+M18 -> 150342.16 | M19: 150620.59 | N19: =SUM(M19-L19) -> 278.43 | O19: =+P18 -> 317572.6 | P19: 318577.76 | Q19: =+SUM(P19-O19-W19) -> 758.64 | R19: =+S18 -> 224048.9 | S19: 224779.28 | T19: =SUM(S19-R19) -> 730.38 | U19: =+V18 -> 71147.64 | V19: 71394.16 | W19: =SUM(V19-U19) -> 246.52 | X19: =+Y18 -> 86720.84 | Y19: 86891.05 | Z19: =SUM(Y19-X19) -> 170.21 | AA19: =+AB18 -> 47588.05 | AB19: 47645.13 | AC19: =SUM(AB19-AA19) -> 57.08 | AD19: =+AE18 -> 49186 | AE19: 49420 | AF19: =SUM(AE19-AD19) -> 234 | AG19: 0 | AH19: 0 | AI19: 0 | AJ19: =SUM(AC19+Z19+W19+T19+Q19+N19+K19+E19+AF19+H19) -> 10210.16 | AK19: =+AL18 -> 3270228.1 | AL19: 3280487 | AM19: =SUM(AL19-AK19) -> 10258.9 | AN19: =SUM(AM19-AJ19) -> 48.74
B20: 45366 | C20: =+D19 -> 1689544.2 | D20: 1693228.9 | E20: =SUM(D20-C20) -> 3684.7 | F20: =+G19 -> 270400.9 | G20: 274060.91 | H20: =SUM(G20-F20) -> 3660.01 | I20: =+J19 -> 389619.6 | J20: 390278.24 | K20: =SUM(J20-I20) -> 658.64 | L20: =+M19 -> 150620.59 | M20: 150878.32 | N20: =SUM(M20-L20) -> 257.73 | O20: =+P19 -> 318577.76 | P20: 319564.9 | Q20: =+SUM(P20-O20-W20) -> 787.14 | R20: =+S19 -> 224779.28 | S20: 225483.12 | T20: =SUM(S20-R20) -> 703.84 | U20: =+V19 -> 71394.16 | V20: 71594.16 | W20: =SUM(V20-U20) -> 200 | X20: =+Y19 -> 86891.05 | Y20: 87067.7 | Z20: =SUM(Y20-X20) -> 176.65 | AA20: =+AB19 -> 47645.13 | AB20: 47715.98 | AC20: =SUM(AB20-AA20) -> 70.85 | AD20: =+AE19 -> 49420 | AE20: 49603 | AF20: =SUM(AE20-AD20) -> 183 | AG20: 0 | AH20: 0 | AI20: 0 | AJ20: =SUM(AC20+Z20+W20+T20+Q20+N20+K20+E20+AF20+H20) -> 10382.56 | AK20: =+AL19 -> 3280487 | AL20: 3290923.6 | AM20: =SUM(AL20-AK20) -> 10436.6 | AN20: =SUM(AM20-AJ20) -> 54.04
